/*
MySQL Data Transfer
Source Host: localhost
Source Database: cepatnet
Target Host: localhost
Target Database: cepatnet
Date: 07/01/2014 18:44:00
*/

SET FOREIGN_KEY_CHECKS=0;
-- ----------------------------
-- Table structure for cepatnet_subscribe
-- ----------------------------
CREATE TABLE `cepatnet_subscribe` (
  `id` int(11) NOT NULL AUTO_INCREMENT,
  `name` varchar(50) NOT NULL,
  `address` text NOT NULL,
  `phone` varchar(255) NOT NULL,
  `mobile` varchar(255) NOT NULL,
  `email` varchar(255) NOT NULL,
  `date` date DEFAULT NULL,
  PRIMARY KEY (`id`)
) ENGINE=InnoDB AUTO_INCREMENT=6 DEFAULT CHARSET=latin1;

-- ----------------------------
-- Table structure for core_settings
-- ----------------------------
CREATE TABLE `core_settings` (
  `slug` varchar(30) COLLATE utf8_unicode_ci NOT NULL,
  `default` text COLLATE utf8_unicode_ci NOT NULL,
  `value` text COLLATE utf8_unicode_ci NOT NULL,
  PRIMARY KEY (`slug`),
  UNIQUE KEY `unique - slug` (`slug`),
  KEY `index - slug` (`slug`)
) ENGINE=InnoDB DEFAULT CHARSET=utf8 COLLATE=utf8_unicode_ci COMMENT='Stores settings for the multi-site interface';

-- ----------------------------
-- Table structure for core_sites
-- ----------------------------
CREATE TABLE `core_sites` (
  `id` int(5) NOT NULL AUTO_INCREMENT,
  `name` varchar(100) COLLATE utf8_unicode_ci NOT NULL,
  `ref` varchar(20) COLLATE utf8_unicode_ci NOT NULL,
  `domain` varchar(100) COLLATE utf8_unicode_ci DEFAULT NULL,
  `active` tinyint(1) NOT NULL DEFAULT '1',
  `created_on` int(11) NOT NULL DEFAULT '0',
  `updated_on` int(11) NOT NULL DEFAULT '0',
  PRIMARY KEY (`id`),
  UNIQUE KEY `Unique ref` (`ref`),
  UNIQUE KEY `Unique domain` (`domain`),
  KEY `ref` (`ref`),
  KEY `domain` (`domain`)
) ENGINE=InnoDB AUTO_INCREMENT=2 DEFAULT CHARSET=utf8 COLLATE=utf8_unicode_ci;

-- ----------------------------
-- Table structure for core_users
-- ----------------------------
CREATE TABLE `core_users` (
  `id` smallint(5) unsigned NOT NULL AUTO_INCREMENT,
  `email` varchar(60) COLLATE utf8_unicode_ci NOT NULL DEFAULT '',
  `password` varchar(100) COLLATE utf8_unicode_ci NOT NULL DEFAULT '',
  `salt` varchar(6) COLLATE utf8_unicode_ci NOT NULL DEFAULT '',
  `group_id` int(11) DEFAULT NULL,
  `ip_address` varchar(45) COLLATE utf8_unicode_ci DEFAULT NULL,
  `active` int(1) DEFAULT NULL,
  `activation_code` varchar(40) COLLATE utf8_unicode_ci DEFAULT NULL,
  `created_on` int(11) NOT NULL,
  `last_login` int(11) NOT NULL,
  `username` varchar(20) COLLATE utf8_unicode_ci DEFAULT NULL,
  `forgotten_password_code` varchar(40) COLLATE utf8_unicode_ci DEFAULT NULL,
  `remember_code` varchar(40) COLLATE utf8_unicode_ci DEFAULT NULL,
  PRIMARY KEY (`id`),
  KEY `email` (`email`)
) ENGINE=InnoDB AUTO_INCREMENT=2 DEFAULT CHARSET=utf8 COLLATE=utf8_unicode_ci COMMENT='Super User Information';

-- ----------------------------
-- Table structure for default_blog
-- ----------------------------
CREATE TABLE `default_blog` (
  `id` int(9) NOT NULL AUTO_INCREMENT,
  `created` datetime NOT NULL,
  `updated` datetime DEFAULT NULL,
  `created_by` int(11) DEFAULT NULL,
  `ordering_count` int(11) DEFAULT NULL,
  `intro` longtext COLLATE utf8_unicode_ci,
  `title` varchar(200) COLLATE utf8_unicode_ci NOT NULL,
  `slug` varchar(200) COLLATE utf8_unicode_ci NOT NULL,
  `category_id` int(11) NOT NULL,
  `body` text COLLATE utf8_unicode_ci NOT NULL,
  `parsed` text COLLATE utf8_unicode_ci NOT NULL,
  `keywords` varchar(32) COLLATE utf8_unicode_ci NOT NULL DEFAULT '',
  `author_id` int(11) NOT NULL DEFAULT '0',
  `created_on` int(11) NOT NULL,
  `updated_on` int(11) NOT NULL DEFAULT '0',
  `comments_enabled` enum('no','1 day','1 week','2 weeks','1 month','3 months','always') COLLATE utf8_unicode_ci NOT NULL DEFAULT '3 months',
  `status` enum('draft','live') COLLATE utf8_unicode_ci NOT NULL DEFAULT 'draft',
  `type` set('html','markdown','wysiwyg-advanced','wysiwyg-simple') COLLATE utf8_unicode_ci NOT NULL,
  `preview_hash` char(32) COLLATE utf8_unicode_ci NOT NULL DEFAULT '',
  PRIMARY KEY (`id`)
) ENGINE=InnoDB AUTO_INCREMENT=4 DEFAULT CHARSET=utf8 COLLATE=utf8_unicode_ci;

-- ----------------------------
-- Table structure for default_blog_categories
-- ----------------------------
CREATE TABLE `default_blog_categories` (
  `id` int(11) NOT NULL AUTO_INCREMENT,
  `slug` varchar(100) COLLATE utf8_unicode_ci NOT NULL,
  `title` varchar(100) COLLATE utf8_unicode_ci NOT NULL,
  PRIMARY KEY (`id`),
  UNIQUE KEY `unique_slug` (`slug`),
  UNIQUE KEY `unique_title` (`title`),
  KEY `slug` (`slug`)
) ENGINE=InnoDB AUTO_INCREMENT=2 DEFAULT CHARSET=utf8 COLLATE=utf8_unicode_ci;

-- ----------------------------
-- Table structure for default_ci_sessions
-- ----------------------------
CREATE TABLE `default_ci_sessions` (
  `session_id` varchar(40) COLLATE utf8_unicode_ci NOT NULL DEFAULT '0',
  `ip_address` varchar(45) COLLATE utf8_unicode_ci NOT NULL DEFAULT '0',
  `user_agent` varchar(120) COLLATE utf8_unicode_ci NOT NULL,
  `last_activity` int(10) unsigned NOT NULL DEFAULT '0',
  `user_data` text COLLATE utf8_unicode_ci,
  PRIMARY KEY (`session_id`),
  KEY `last_activity_idx` (`last_activity`)
) ENGINE=MyISAM DEFAULT CHARSET=utf8 COLLATE=utf8_unicode_ci;

-- ----------------------------
-- Table structure for default_comment_blacklists
-- ----------------------------
CREATE TABLE `default_comment_blacklists` (
  `id` int(11) NOT NULL AUTO_INCREMENT,
  `website` varchar(255) COLLATE utf8_unicode_ci NOT NULL DEFAULT '',
  `email` varchar(150) COLLATE utf8_unicode_ci NOT NULL DEFAULT '',
  PRIMARY KEY (`id`)
) ENGINE=InnoDB DEFAULT CHARSET=utf8 COLLATE=utf8_unicode_ci;

-- ----------------------------
-- Table structure for default_comments
-- ----------------------------
CREATE TABLE `default_comments` (
  `id` int(11) NOT NULL AUTO_INCREMENT,
  `is_active` int(1) NOT NULL DEFAULT '0',
  `user_id` int(11) NOT NULL DEFAULT '0',
  `user_name` varchar(40) COLLATE utf8_unicode_ci NOT NULL DEFAULT '',
  `user_email` varchar(40) COLLATE utf8_unicode_ci NOT NULL DEFAULT '',
  `user_website` varchar(255) COLLATE utf8_unicode_ci NOT NULL,
  `comment` text COLLATE utf8_unicode_ci NOT NULL,
  `parsed` text COLLATE utf8_unicode_ci NOT NULL,
  `module` varchar(40) COLLATE utf8_unicode_ci NOT NULL,
  `entry_id` varchar(255) COLLATE utf8_unicode_ci NOT NULL DEFAULT '0',
  `entry_title` char(255) COLLATE utf8_unicode_ci NOT NULL,
  `entry_key` varchar(100) COLLATE utf8_unicode_ci NOT NULL,
  `entry_plural` varchar(100) COLLATE utf8_unicode_ci NOT NULL,
  `uri` varchar(255) COLLATE utf8_unicode_ci DEFAULT NULL,
  `cp_uri` varchar(255) COLLATE utf8_unicode_ci DEFAULT NULL,
  `created_on` int(11) NOT NULL DEFAULT '0',
  `ip_address` varchar(45) COLLATE utf8_unicode_ci NOT NULL DEFAULT '',
  PRIMARY KEY (`id`)
) ENGINE=InnoDB DEFAULT CHARSET=utf8 COLLATE=utf8_unicode_ci;

-- ----------------------------
-- Table structure for default_contact_log
-- ----------------------------
CREATE TABLE `default_contact_log` (
  `id` int(11) NOT NULL AUTO_INCREMENT,
  `email` varchar(255) COLLATE utf8_unicode_ci NOT NULL DEFAULT '',
  `subject` varchar(255) COLLATE utf8_unicode_ci NOT NULL DEFAULT '',
  `message` text COLLATE utf8_unicode_ci NOT NULL,
  `sender_agent` varchar(255) COLLATE utf8_unicode_ci NOT NULL DEFAULT '',
  `sender_ip` varchar(45) COLLATE utf8_unicode_ci NOT NULL DEFAULT '',
  `sender_os` varchar(255) COLLATE utf8_unicode_ci NOT NULL DEFAULT '',
  `sent_at` int(11) NOT NULL DEFAULT '0',
  `attachments` text COLLATE utf8_unicode_ci NOT NULL,
  PRIMARY KEY (`id`)
) ENGINE=InnoDB DEFAULT CHARSET=utf8 COLLATE=utf8_unicode_ci;

-- ----------------------------
-- Table structure for default_data_field_assignments
-- ----------------------------
CREATE TABLE `default_data_field_assignments` (
  `id` int(11) unsigned NOT NULL AUTO_INCREMENT,
  `sort_order` int(11) NOT NULL,
  `stream_id` int(11) NOT NULL,
  `field_id` int(11) NOT NULL,
  `is_required` enum('yes','no') COLLATE utf8_unicode_ci NOT NULL DEFAULT 'no',
  `is_unique` enum('yes','no') COLLATE utf8_unicode_ci NOT NULL DEFAULT 'no',
  `instructions` text COLLATE utf8_unicode_ci,
  `field_name` varchar(255) COLLATE utf8_unicode_ci DEFAULT NULL,
  PRIMARY KEY (`id`)
) ENGINE=InnoDB AUTO_INCREMENT=19 DEFAULT CHARSET=utf8 COLLATE=utf8_unicode_ci;

-- ----------------------------
-- Table structure for default_data_fields
-- ----------------------------
CREATE TABLE `default_data_fields` (
  `id` int(11) unsigned NOT NULL AUTO_INCREMENT,
  `field_name` varchar(60) COLLATE utf8_unicode_ci NOT NULL,
  `field_slug` varchar(60) COLLATE utf8_unicode_ci NOT NULL,
  `field_namespace` varchar(60) COLLATE utf8_unicode_ci DEFAULT NULL,
  `field_type` varchar(50) COLLATE utf8_unicode_ci NOT NULL,
  `field_data` blob,
  `view_options` blob,
  `is_locked` enum('yes','no') COLLATE utf8_unicode_ci NOT NULL DEFAULT 'no',
  PRIMARY KEY (`id`)
) ENGINE=InnoDB AUTO_INCREMENT=19 DEFAULT CHARSET=utf8 COLLATE=utf8_unicode_ci;

-- ----------------------------
-- Table structure for default_data_streams
-- ----------------------------
CREATE TABLE `default_data_streams` (
  `id` int(10) unsigned NOT NULL AUTO_INCREMENT,
  `stream_name` varchar(60) COLLATE utf8_unicode_ci NOT NULL,
  `stream_slug` varchar(60) COLLATE utf8_unicode_ci NOT NULL,
  `stream_namespace` varchar(60) COLLATE utf8_unicode_ci DEFAULT NULL,
  `stream_prefix` varchar(60) COLLATE utf8_unicode_ci DEFAULT NULL,
  `about` varchar(255) COLLATE utf8_unicode_ci DEFAULT NULL,
  `view_options` blob NOT NULL,
  `title_column` varchar(255) COLLATE utf8_unicode_ci DEFAULT NULL,
  `sorting` enum('title','custom') COLLATE utf8_unicode_ci NOT NULL DEFAULT 'title',
  `permissions` text COLLATE utf8_unicode_ci,
  `is_hidden` enum('yes','no') COLLATE utf8_unicode_ci NOT NULL DEFAULT 'no',
  `menu_path` varchar(255) COLLATE utf8_unicode_ci DEFAULT NULL,
  PRIMARY KEY (`id`)
) ENGINE=InnoDB AUTO_INCREMENT=6 DEFAULT CHARSET=utf8 COLLATE=utf8_unicode_ci;

-- ----------------------------
-- Table structure for default_def_page_fields
-- ----------------------------
CREATE TABLE `default_def_page_fields` (
  `id` int(9) NOT NULL AUTO_INCREMENT,
  `created` datetime NOT NULL,
  `updated` datetime DEFAULT NULL,
  `created_by` int(11) DEFAULT NULL,
  `ordering_count` int(11) DEFAULT NULL,
  `body` longtext COLLATE utf8_unicode_ci,
  PRIMARY KEY (`id`)
) ENGINE=InnoDB AUTO_INCREMENT=17 DEFAULT CHARSET=utf8 COLLATE=utf8_unicode_ci;

-- ----------------------------
-- Table structure for default_email_templates
-- ----------------------------
CREATE TABLE `default_email_templates` (
  `id` int(11) NOT NULL AUTO_INCREMENT,
  `slug` varchar(100) COLLATE utf8_unicode_ci NOT NULL,
  `name` varchar(100) COLLATE utf8_unicode_ci NOT NULL,
  `description` varchar(255) COLLATE utf8_unicode_ci NOT NULL,
  `subject` varchar(255) COLLATE utf8_unicode_ci NOT NULL,
  `body` text COLLATE utf8_unicode_ci NOT NULL,
  `lang` varchar(2) COLLATE utf8_unicode_ci DEFAULT NULL,
  `is_default` int(1) NOT NULL DEFAULT '0',
  `module` varchar(50) COLLATE utf8_unicode_ci NOT NULL DEFAULT '',
  PRIMARY KEY (`id`),
  UNIQUE KEY `slug_lang` (`slug`,`lang`)
) ENGINE=InnoDB AUTO_INCREMENT=7 DEFAULT CHARSET=utf8 COLLATE=utf8_unicode_ci;

-- ----------------------------
-- Table structure for default_file_folders
-- ----------------------------
CREATE TABLE `default_file_folders` (
  `id` int(11) NOT NULL AUTO_INCREMENT,
  `parent_id` int(11) DEFAULT '0',
  `slug` varchar(100) COLLATE utf8_unicode_ci NOT NULL,
  `name` varchar(100) COLLATE utf8_unicode_ci NOT NULL,
  `location` varchar(20) COLLATE utf8_unicode_ci NOT NULL DEFAULT 'local',
  `remote_container` varchar(100) COLLATE utf8_unicode_ci NOT NULL DEFAULT '',
  `date_added` int(11) NOT NULL,
  `sort` int(11) NOT NULL DEFAULT '0',
  `hidden` tinyint(1) NOT NULL DEFAULT '0',
  PRIMARY KEY (`id`)
) ENGINE=InnoDB AUTO_INCREMENT=3 DEFAULT CHARSET=utf8 COLLATE=utf8_unicode_ci;

-- ----------------------------
-- Table structure for default_files
-- ----------------------------
CREATE TABLE `default_files` (
  `id` char(15) COLLATE utf8_unicode_ci NOT NULL,
  `folder_id` int(11) NOT NULL DEFAULT '0',
  `user_id` int(11) NOT NULL DEFAULT '1',
  `type` enum('a','v','d','i','o') COLLATE utf8_unicode_ci DEFAULT NULL,
  `name` varchar(100) COLLATE utf8_unicode_ci NOT NULL,
  `filename` varchar(255) COLLATE utf8_unicode_ci NOT NULL,
  `path` varchar(255) COLLATE utf8_unicode_ci NOT NULL DEFAULT '',
  `description` text COLLATE utf8_unicode_ci NOT NULL,
  `extension` varchar(10) COLLATE utf8_unicode_ci NOT NULL,
  `mimetype` varchar(100) COLLATE utf8_unicode_ci NOT NULL,
  `keywords` char(32) COLLATE utf8_unicode_ci NOT NULL DEFAULT '',
  `width` int(5) DEFAULT NULL,
  `height` int(5) DEFAULT NULL,
  `filesize` int(11) NOT NULL DEFAULT '0',
  `alt_attribute` varchar(255) COLLATE utf8_unicode_ci DEFAULT NULL,
  `download_count` int(11) NOT NULL DEFAULT '0',
  `date_added` int(11) NOT NULL DEFAULT '0',
  `sort` int(11) NOT NULL DEFAULT '0',
  PRIMARY KEY (`id`)
) ENGINE=InnoDB DEFAULT CHARSET=utf8 COLLATE=utf8_unicode_ci;

-- ----------------------------
-- Table structure for default_groups
-- ----------------------------
CREATE TABLE `default_groups` (
  `id` int(11) NOT NULL AUTO_INCREMENT,
  `name` varchar(100) COLLATE utf8_unicode_ci NOT NULL,
  `description` varchar(250) COLLATE utf8_unicode_ci DEFAULT NULL,
  PRIMARY KEY (`id`)
) ENGINE=InnoDB AUTO_INCREMENT=3 DEFAULT CHARSET=utf8 COLLATE=utf8_unicode_ci;

-- ----------------------------
-- Table structure for default_keywords
-- ----------------------------
CREATE TABLE `default_keywords` (
  `id` int(11) NOT NULL AUTO_INCREMENT,
  `name` varchar(50) COLLATE utf8_unicode_ci NOT NULL,
  PRIMARY KEY (`id`)
) ENGINE=InnoDB AUTO_INCREMENT=3 DEFAULT CHARSET=utf8 COLLATE=utf8_unicode_ci;

-- ----------------------------
-- Table structure for default_keywords_applied
-- ----------------------------
CREATE TABLE `default_keywords_applied` (
  `id` int(11) NOT NULL AUTO_INCREMENT,
  `hash` char(32) COLLATE utf8_unicode_ci NOT NULL DEFAULT '',
  `keyword_id` int(11) NOT NULL,
  PRIMARY KEY (`id`)
) ENGINE=InnoDB AUTO_INCREMENT=5 DEFAULT CHARSET=utf8 COLLATE=utf8_unicode_ci;

-- ----------------------------
-- Table structure for default_migrations
-- ----------------------------
CREATE TABLE `default_migrations` (
  `version` int(3) DEFAULT NULL
) ENGINE=MyISAM DEFAULT CHARSET=utf8 COLLATE=utf8_unicode_ci;

-- ----------------------------
-- Table structure for default_modules
-- ----------------------------
CREATE TABLE `default_modules` (
  `id` int(11) NOT NULL AUTO_INCREMENT,
  `name` text COLLATE utf8_unicode_ci NOT NULL,
  `slug` varchar(50) COLLATE utf8_unicode_ci NOT NULL,
  `version` varchar(20) COLLATE utf8_unicode_ci NOT NULL,
  `type` varchar(20) COLLATE utf8_unicode_ci DEFAULT NULL,
  `description` text COLLATE utf8_unicode_ci,
  `skip_xss` tinyint(1) NOT NULL,
  `is_frontend` tinyint(1) NOT NULL,
  `is_backend` tinyint(1) NOT NULL,
  `menu` varchar(20) COLLATE utf8_unicode_ci NOT NULL,
  `enabled` tinyint(1) NOT NULL,
  `installed` tinyint(1) NOT NULL,
  `is_core` tinyint(1) NOT NULL,
  `updated_on` int(11) NOT NULL DEFAULT '0',
  PRIMARY KEY (`id`),
  UNIQUE KEY `slug` (`slug`),
  KEY `enabled` (`enabled`)
) ENGINE=MyISAM AUTO_INCREMENT=22 DEFAULT CHARSET=utf8 COLLATE=utf8_unicode_ci;

-- ----------------------------
-- Table structure for default_navigation_groups
-- ----------------------------
CREATE TABLE `default_navigation_groups` (
  `id` int(11) NOT NULL AUTO_INCREMENT,
  `title` varchar(50) COLLATE utf8_unicode_ci NOT NULL,
  `abbrev` varchar(50) COLLATE utf8_unicode_ci NOT NULL,
  PRIMARY KEY (`id`),
  KEY `abbrev` (`abbrev`)
) ENGINE=InnoDB AUTO_INCREMENT=4 DEFAULT CHARSET=utf8 COLLATE=utf8_unicode_ci;

-- ----------------------------
-- Table structure for default_navigation_links
-- ----------------------------
CREATE TABLE `default_navigation_links` (
  `id` int(11) NOT NULL AUTO_INCREMENT,
  `title` varchar(100) COLLATE utf8_unicode_ci NOT NULL DEFAULT '',
  `parent` int(11) DEFAULT NULL,
  `link_type` varchar(20) COLLATE utf8_unicode_ci NOT NULL DEFAULT 'uri',
  `page_id` int(11) DEFAULT NULL,
  `module_name` varchar(50) COLLATE utf8_unicode_ci NOT NULL DEFAULT '',
  `url` varchar(255) COLLATE utf8_unicode_ci NOT NULL DEFAULT '',
  `uri` varchar(255) COLLATE utf8_unicode_ci NOT NULL DEFAULT '',
  `navigation_group_id` int(5) NOT NULL DEFAULT '0',
  `position` int(5) NOT NULL DEFAULT '0',
  `target` varchar(10) COLLATE utf8_unicode_ci DEFAULT NULL,
  `restricted_to` varchar(255) COLLATE utf8_unicode_ci DEFAULT NULL,
  `class` varchar(255) COLLATE utf8_unicode_ci NOT NULL DEFAULT '',
  PRIMARY KEY (`id`),
  KEY `navigation_group_id` (`navigation_group_id`)
) ENGINE=InnoDB AUTO_INCREMENT=18 DEFAULT CHARSET=utf8 COLLATE=utf8_unicode_ci;

-- ----------------------------
-- Table structure for default_page_types
-- ----------------------------
CREATE TABLE `default_page_types` (
  `id` int(11) NOT NULL AUTO_INCREMENT,
  `slug` varchar(255) COLLATE utf8_unicode_ci NOT NULL DEFAULT '',
  `title` varchar(60) COLLATE utf8_unicode_ci NOT NULL,
  `description` text COLLATE utf8_unicode_ci,
  `stream_id` int(11) NOT NULL,
  `meta_title` varchar(255) COLLATE utf8_unicode_ci DEFAULT NULL,
  `meta_keywords` char(32) COLLATE utf8_unicode_ci DEFAULT NULL,
  `meta_description` text COLLATE utf8_unicode_ci,
  `body` text COLLATE utf8_unicode_ci NOT NULL,
  `css` text COLLATE utf8_unicode_ci,
  `js` text COLLATE utf8_unicode_ci,
  `theme_layout` varchar(100) COLLATE utf8_unicode_ci NOT NULL DEFAULT 'default',
  `updated_on` int(11) NOT NULL,
  `save_as_files` char(1) COLLATE utf8_unicode_ci NOT NULL DEFAULT 'n',
  `content_label` varchar(60) COLLATE utf8_unicode_ci DEFAULT NULL,
  `title_label` varchar(100) COLLATE utf8_unicode_ci DEFAULT NULL,
  PRIMARY KEY (`id`)
) ENGINE=InnoDB AUTO_INCREMENT=4 DEFAULT CHARSET=utf8 COLLATE=utf8_unicode_ci;

-- ----------------------------
-- Table structure for default_pages
-- ----------------------------
CREATE TABLE `default_pages` (
  `id` int(11) NOT NULL AUTO_INCREMENT,
  `slug` varchar(255) COLLATE utf8_unicode_ci NOT NULL DEFAULT '',
  `class` varchar(255) COLLATE utf8_unicode_ci NOT NULL DEFAULT '',
  `title` varchar(255) COLLATE utf8_unicode_ci NOT NULL DEFAULT '',
  `uri` text COLLATE utf8_unicode_ci,
  `parent_id` int(11) NOT NULL DEFAULT '0',
  `type_id` varchar(255) COLLATE utf8_unicode_ci NOT NULL,
  `entry_id` varchar(255) COLLATE utf8_unicode_ci DEFAULT NULL,
  `css` text COLLATE utf8_unicode_ci,
  `js` text COLLATE utf8_unicode_ci,
  `meta_title` varchar(255) COLLATE utf8_unicode_ci DEFAULT NULL,
  `meta_keywords` char(32) COLLATE utf8_unicode_ci DEFAULT NULL,
  `meta_robots_no_index` tinyint(1) DEFAULT NULL,
  `meta_robots_no_follow` tinyint(1) DEFAULT NULL,
  `meta_description` text COLLATE utf8_unicode_ci,
  `rss_enabled` int(1) NOT NULL DEFAULT '0',
  `comments_enabled` int(1) NOT NULL DEFAULT '0',
  `status` enum('draft','live') COLLATE utf8_unicode_ci NOT NULL DEFAULT 'draft',
  `created_on` int(11) NOT NULL DEFAULT '0',
  `updated_on` int(11) NOT NULL DEFAULT '0',
  `restricted_to` varchar(255) COLLATE utf8_unicode_ci DEFAULT NULL,
  `is_home` int(1) NOT NULL DEFAULT '0',
  `strict_uri` tinyint(1) NOT NULL DEFAULT '1',
  `order` int(11) NOT NULL DEFAULT '0',
  PRIMARY KEY (`id`),
  KEY `slug` (`slug`),
  KEY `parent_id` (`parent_id`)
) ENGINE=InnoDB AUTO_INCREMENT=19 DEFAULT CHARSET=utf8 COLLATE=utf8_unicode_ci;

-- ----------------------------
-- Table structure for default_pages_corporate
-- ----------------------------
CREATE TABLE `default_pages_corporate` (
  `id` int(9) NOT NULL AUTO_INCREMENT,
  `created` datetime NOT NULL,
  `updated` datetime DEFAULT NULL,
  `created_by` int(11) DEFAULT NULL,
  `ordering_count` int(11) DEFAULT NULL,
  `corp_body` longtext COLLATE utf8_unicode_ci,
  PRIMARY KEY (`id`)
) ENGINE=InnoDB AUTO_INCREMENT=7 DEFAULT CHARSET=utf8 COLLATE=utf8_unicode_ci;

-- ----------------------------
-- Table structure for default_pages_retail
-- ----------------------------
CREATE TABLE `default_pages_retail` (
  `id` int(9) NOT NULL AUTO_INCREMENT,
  `created` datetime NOT NULL,
  `updated` datetime DEFAULT NULL,
  `created_by` int(11) DEFAULT NULL,
  `ordering_count` int(11) DEFAULT NULL,
  `retail_body` longtext COLLATE utf8_unicode_ci,
  PRIMARY KEY (`id`)
) ENGINE=InnoDB AUTO_INCREMENT=5 DEFAULT CHARSET=utf8 COLLATE=utf8_unicode_ci;

-- ----------------------------
-- Table structure for default_permissions
-- ----------------------------
CREATE TABLE `default_permissions` (
  `id` int(11) NOT NULL AUTO_INCREMENT,
  `group_id` int(11) NOT NULL,
  `module` varchar(50) COLLATE utf8_unicode_ci NOT NULL,
  `roles` text COLLATE utf8_unicode_ci,
  PRIMARY KEY (`id`),
  KEY `group_id` (`group_id`)
) ENGINE=InnoDB DEFAULT CHARSET=utf8 COLLATE=utf8_unicode_ci;

-- ----------------------------
-- Table structure for default_profiles
-- ----------------------------
CREATE TABLE `default_profiles` (
  `id` int(9) NOT NULL AUTO_INCREMENT,
  `created` datetime DEFAULT NULL,
  `updated` datetime DEFAULT NULL,
  `created_by` int(11) DEFAULT NULL,
  `ordering_count` int(11) DEFAULT NULL,
  `user_id` int(11) unsigned NOT NULL,
  `display_name` varchar(50) COLLATE utf8_unicode_ci NOT NULL,
  `first_name` varchar(50) COLLATE utf8_unicode_ci NOT NULL,
  `last_name` varchar(50) COLLATE utf8_unicode_ci NOT NULL,
  `company` varchar(100) COLLATE utf8_unicode_ci DEFAULT NULL,
  `lang` varchar(2) COLLATE utf8_unicode_ci NOT NULL DEFAULT 'en',
  `bio` text COLLATE utf8_unicode_ci,
  `dob` int(11) DEFAULT NULL,
  `gender` set('m','f','') COLLATE utf8_unicode_ci DEFAULT NULL,
  `phone` varchar(20) COLLATE utf8_unicode_ci DEFAULT NULL,
  `mobile` varchar(20) COLLATE utf8_unicode_ci DEFAULT NULL,
  `address_line1` varchar(255) COLLATE utf8_unicode_ci DEFAULT NULL,
  `address_line2` varchar(255) COLLATE utf8_unicode_ci DEFAULT NULL,
  `address_line3` varchar(255) COLLATE utf8_unicode_ci DEFAULT NULL,
  `postcode` varchar(20) COLLATE utf8_unicode_ci DEFAULT NULL,
  `website` varchar(255) COLLATE utf8_unicode_ci DEFAULT NULL,
  `updated_on` int(11) unsigned DEFAULT NULL,
  PRIMARY KEY (`id`),
  KEY `user_id` (`user_id`)
) ENGINE=MyISAM AUTO_INCREMENT=2 DEFAULT CHARSET=utf8 COLLATE=utf8_unicode_ci;

-- ----------------------------
-- Table structure for default_redirects
-- ----------------------------
CREATE TABLE `default_redirects` (
  `id` int(11) NOT NULL AUTO_INCREMENT,
  `from` varchar(250) COLLATE utf8_unicode_ci NOT NULL,
  `to` varchar(250) COLLATE utf8_unicode_ci NOT NULL,
  `type` int(3) NOT NULL DEFAULT '302',
  PRIMARY KEY (`id`),
  KEY `from` (`from`)
) ENGINE=InnoDB DEFAULT CHARSET=utf8 COLLATE=utf8_unicode_ci;

-- ----------------------------
-- Table structure for default_search_index
-- ----------------------------
CREATE TABLE `default_search_index` (
  `id` int(10) unsigned NOT NULL AUTO_INCREMENT,
  `title` char(255) COLLATE utf8_unicode_ci NOT NULL,
  `description` text COLLATE utf8_unicode_ci,
  `keywords` text COLLATE utf8_unicode_ci,
  `keyword_hash` char(32) COLLATE utf8_unicode_ci DEFAULT NULL,
  `module` varchar(40) COLLATE utf8_unicode_ci DEFAULT NULL,
  `entry_key` varchar(100) COLLATE utf8_unicode_ci DEFAULT NULL,
  `entry_plural` varchar(100) COLLATE utf8_unicode_ci DEFAULT NULL,
  `entry_id` varchar(255) COLLATE utf8_unicode_ci DEFAULT NULL,
  `uri` varchar(255) COLLATE utf8_unicode_ci DEFAULT NULL,
  `cp_edit_uri` varchar(255) COLLATE utf8_unicode_ci DEFAULT NULL,
  `cp_delete_uri` varchar(255) COLLATE utf8_unicode_ci DEFAULT NULL,
  PRIMARY KEY (`id`),
  UNIQUE KEY `unique` (`module`,`entry_key`,`entry_id`(190)),
  FULLTEXT KEY `full search` (`title`,`description`,`keywords`)
) ENGINE=MyISAM AUTO_INCREMENT=97 DEFAULT CHARSET=utf8 COLLATE=utf8_unicode_ci;

-- ----------------------------
-- Table structure for default_settings
-- ----------------------------
CREATE TABLE `default_settings` (
  `slug` varchar(30) COLLATE utf8_unicode_ci NOT NULL,
  `title` varchar(100) COLLATE utf8_unicode_ci NOT NULL,
  `description` text COLLATE utf8_unicode_ci NOT NULL,
  `type` set('text','textarea','password','select','select-multiple','radio','checkbox') COLLATE utf8_unicode_ci NOT NULL,
  `default` text COLLATE utf8_unicode_ci NOT NULL,
  `value` text COLLATE utf8_unicode_ci NOT NULL,
  `options` varchar(255) COLLATE utf8_unicode_ci NOT NULL,
  `is_required` int(1) NOT NULL,
  `is_gui` int(1) NOT NULL,
  `module` varchar(50) COLLATE utf8_unicode_ci NOT NULL,
  `order` int(10) NOT NULL DEFAULT '0',
  PRIMARY KEY (`slug`),
  UNIQUE KEY `unique_slug` (`slug`),
  KEY `slug` (`slug`)
) ENGINE=InnoDB DEFAULT CHARSET=utf8 COLLATE=utf8_unicode_ci;

-- ----------------------------
-- Table structure for default_theme_options
-- ----------------------------
CREATE TABLE `default_theme_options` (
  `id` int(11) NOT NULL AUTO_INCREMENT,
  `slug` varchar(30) COLLATE utf8_unicode_ci NOT NULL,
  `title` varchar(100) COLLATE utf8_unicode_ci NOT NULL,
  `description` text COLLATE utf8_unicode_ci NOT NULL,
  `type` set('text','textarea','password','select','select-multiple','radio','checkbox','colour-picker') COLLATE utf8_unicode_ci NOT NULL,
  `default` varchar(255) COLLATE utf8_unicode_ci NOT NULL,
  `value` varchar(255) COLLATE utf8_unicode_ci NOT NULL,
  `options` text COLLATE utf8_unicode_ci NOT NULL,
  `is_required` int(1) NOT NULL,
  `theme` varchar(50) COLLATE utf8_unicode_ci NOT NULL,
  PRIMARY KEY (`id`)
) ENGINE=InnoDB AUTO_INCREMENT=15 DEFAULT CHARSET=utf8 COLLATE=utf8_unicode_ci;

-- ----------------------------
-- Table structure for default_users
-- ----------------------------
CREATE TABLE `default_users` (
  `id` smallint(5) unsigned NOT NULL AUTO_INCREMENT,
  `email` varchar(60) COLLATE utf8_unicode_ci NOT NULL DEFAULT '',
  `password` varchar(100) COLLATE utf8_unicode_ci NOT NULL DEFAULT '',
  `salt` varchar(6) COLLATE utf8_unicode_ci NOT NULL DEFAULT '',
  `group_id` int(11) DEFAULT NULL,
  `ip_address` varchar(45) COLLATE utf8_unicode_ci DEFAULT NULL,
  `active` int(1) DEFAULT NULL,
  `activation_code` varchar(40) COLLATE utf8_unicode_ci DEFAULT NULL,
  `created_on` int(11) NOT NULL,
  `last_login` int(11) NOT NULL,
  `username` varchar(20) COLLATE utf8_unicode_ci DEFAULT NULL,
  `forgotten_password_code` varchar(40) COLLATE utf8_unicode_ci DEFAULT NULL,
  `remember_code` varchar(40) COLLATE utf8_unicode_ci DEFAULT NULL,
  PRIMARY KEY (`id`),
  KEY `email` (`email`)
) ENGINE=InnoDB AUTO_INCREMENT=2 DEFAULT CHARSET=utf8 COLLATE=utf8_unicode_ci COMMENT='Registered User Information';

-- ----------------------------
-- Table structure for default_variables
-- ----------------------------
CREATE TABLE `default_variables` (
  `id` int(11) NOT NULL AUTO_INCREMENT,
  `name` varchar(250) COLLATE utf8_unicode_ci DEFAULT NULL,
  `data` varchar(250) COLLATE utf8_unicode_ci DEFAULT NULL,
  PRIMARY KEY (`id`)
) ENGINE=InnoDB DEFAULT CHARSET=utf8 COLLATE=utf8_unicode_ci;

-- ----------------------------
-- Table structure for default_widget_areas
-- ----------------------------
CREATE TABLE `default_widget_areas` (
  `id` int(11) NOT NULL AUTO_INCREMENT,
  `slug` varchar(100) COLLATE utf8_unicode_ci DEFAULT NULL,
  `title` varchar(100) COLLATE utf8_unicode_ci DEFAULT NULL,
  PRIMARY KEY (`id`)
) ENGINE=InnoDB AUTO_INCREMENT=3 DEFAULT CHARSET=utf8 COLLATE=utf8_unicode_ci;

-- ----------------------------
-- Table structure for default_widget_instances
-- ----------------------------
CREATE TABLE `default_widget_instances` (
  `id` int(11) NOT NULL AUTO_INCREMENT,
  `title` varchar(100) COLLATE utf8_unicode_ci DEFAULT NULL,
  `widget_id` int(11) DEFAULT NULL,
  `widget_area_id` int(11) DEFAULT NULL,
  `options` text COLLATE utf8_unicode_ci NOT NULL,
  `order` int(10) NOT NULL DEFAULT '0',
  `created_on` int(11) NOT NULL DEFAULT '0',
  `updated_on` int(11) NOT NULL DEFAULT '0',
  PRIMARY KEY (`id`)
) ENGINE=InnoDB AUTO_INCREMENT=4 DEFAULT CHARSET=utf8 COLLATE=utf8_unicode_ci;

-- ----------------------------
-- Table structure for default_widgets
-- ----------------------------
CREATE TABLE `default_widgets` (
  `id` int(11) NOT NULL AUTO_INCREMENT,
  `slug` varchar(100) COLLATE utf8_unicode_ci NOT NULL DEFAULT '',
  `title` text COLLATE utf8_unicode_ci NOT NULL,
  `description` text COLLATE utf8_unicode_ci NOT NULL,
  `author` varchar(100) COLLATE utf8_unicode_ci NOT NULL DEFAULT '',
  `website` varchar(255) COLLATE utf8_unicode_ci NOT NULL DEFAULT '',
  `version` varchar(20) COLLATE utf8_unicode_ci NOT NULL DEFAULT '0',
  `enabled` int(1) NOT NULL DEFAULT '1',
  `order` int(10) NOT NULL DEFAULT '0',
  `updated_on` int(11) NOT NULL DEFAULT '0',
  PRIMARY KEY (`id`)
) ENGINE=InnoDB AUTO_INCREMENT=10 DEFAULT CHARSET=utf8 COLLATE=utf8_unicode_ci;

-- ----------------------------
-- Records 
-- ----------------------------
INSERT INTO `cepatnet_subscribe` VALUES ('1', 'Adriant Rivano', 'Rawamangun', '021456987', '081223202292', 'myseconddigitalmail@yahoo.com', '2013-09-03');
INSERT INTO `cepatnet_subscribe` VALUES ('2', 'Raditya M', 'Depok Jawa Barat', '0212123546', '085645612987', 'radit@mail.com', '2013-09-03');
INSERT INTO `cepatnet_subscribe` VALUES ('3', 'Adriant Rivano', 'Rawamangun Jakarta', '021456987', '082123202292', 'mqm.quadplay@gmail.com', '2013-09-03');
INSERT INTO `cepatnet_subscribe` VALUES ('4', 'Rico Spencer', 'Johar Jakarta pusat', '021456789', '088854662164', 'rico@mail.com', '2013-09-03');
INSERT INTO `cepatnet_subscribe` VALUES ('5', 'Adriant Rivano', 'Jaktim Rawamangun', '021456254', '085645612987', 'myseconddigitalmail@yahoo.com', '2013-09-03');
INSERT INTO `core_settings` VALUES ('date_format', 'g:ia -- m/d/y', 'g:ia -- m/d/y');
INSERT INTO `core_settings` VALUES ('lang_direction', 'ltr', 'ltr');
INSERT INTO `core_settings` VALUES ('status_message', 'This site has been disabled by a super-administrator.', 'This site has been disabled by a super-administrator.');
INSERT INTO `core_sites` VALUES ('1', 'Default Site', 'default', 'localhost', '1', '1388632232', '0');
INSERT INTO `core_users` VALUES ('1', 'adriant.rivano@cepat.net.id', 'c5a63965e7e303973ee86e44e83ef33635971249', 'b48c1', '1', '', '1', '', '1388632231', '1388632231', 'adriant', null, null);
INSERT INTO `default_blog` VALUES ('1', '2014-01-04 10:27:00', '2014-01-04 10:27:00', '1', '1', '<p>Rabu 20 Februari 2013 bertempat di Sekolah Al &ndash; Azhar Bumi Serpong Damai (BSD), PT. Mora Quatro Multimedia (CEPATnet) menyelenggarakan acara Ceremonial Penyerahan Plakat sebagai bentuk simbolis ucapan terima kasih atas kerjasama dan kepercayaan Al &ndash; Azhar BSD terhadap layanan internet CEPATnet.</p>\r\n', 'Ceremonial CEPATnet dengan Al Azhar BSD', 'ceremonial-cepatnet-dengan-alazhar-bsd', '1', '<p><img src=\"http://cepat.net.id/mqm/corp/images/news/al-azhar-bsd.jpg\" /><br />\r\n&nbsp;</p>\r\n\r\n<p>Rabu 20 Februari 2013 bertempat di Sekolah Al &ndash; Azhar Bumi Serpong Damai (BSD), PT. Mora Quatro Multimedia (CEPATnet) menyelenggarakan acara Ceremonial Penyerahan Plakat sebagai bentuk simbolis ucapan terima kasih atas kerjasama dan kepercayaan Al &ndash; Azhar BSD terhadap layanan internet CEPATnet.</p>\r\n\r\n<p>Penyerahan Plakat dilakukan oleh Manager Marketing &amp; Communication CEPATnet Ibu Tiara Dewi Martiana, kepada Ketua Yayasan Muslim Bumi Serpong Damai (BSD) Bapak Drs. H. Uus Martawidjaya. Selain dihadiri oleh seluruh Yayasan Al &ndash; Azhar BSD, acara ini juga dihadiri oleh para pengajar beserta staff Al &ndash; Azhar BSD, Perwakilan dari para siswa Al &ndash; Azhar BSD dan juga di dihadiri oleh perwakilan BIKOMS (Badan Kerjasama Orang Tua Murid dan Sekolah).</p>\r\n\r\n<p>Momen ini juga sekaligus dimanfaatkan sebagai acara Launching program Free Wifi CEPATnet di sekolah Al &ndash; Azhar BSD. Program Free Wifi CEPATnet ini merupakan suatu bentuk apresiasi dan value added service dari CEPATnet kepada Al &ndash; Azhar BSD, dan juga merupakan Community Program CEPATnet yang salah satunya adalah dengan merangkul komunitas dunia pendidikan. Diharapkan dengan adanya fasilitas Free Wifi di area Al- Azhar BSD dapat mendukung kelancaran proses belajar mengajar di Al &ndash; Azhar BSD, dan juga fasilitas ini dapat dinikmati oleh para Orang Tua Siswa ketika berada di Al &ndash; Azhar BSD.</p>\r\n\r\n<p>Kebutuhan terhadap akses internet berkualitas tinggi yang andal dengan koneksi super cepat, untuk mendukung berbagai aktivitas komunikasi dan media pertukaran data, tentunya menjadi perhatian yang sangat serius dan penting bagi Al &ndash; Azhar BSD, karena Al &ndash; Azhar BSD merupakan salah satu sekolah swasta Muslim terbesar dan terbaik di BSD City yang terdiri dari Taman Kanak-kanak (TK), Sekolah Dasar (SD), Sekolah Menengah Pertama (SMP) dan Sekolah Menengah Atas (SMA). Selain itu Al &ndash; Azhar BSD juga merupakan salah satu sekolah yang telah menerapkan sistem pembelajaran e-learning bagi para siswa. Untuk akses internet yang andal menjadi hal yang utama bagi Al &ndash; Azhar BSD, sehingga Al &ndash; Azhar BSD mempercayakan CEPATnet untuk menjadi solusi dalam memenuhi kebutuhan terhadap layanan akses internet.</p>', '', '4495dfc1d814207595b4b10fde86b4af', '1', '1388806020', '1388806020', '3 months', 'live', 'wysiwyg-advanced', '');
INSERT INTO `default_blog` VALUES ('2', '2014-01-07 04:04:00', null, '1', '2', 'PT. Mora Quatro Multimedia melalui merek CEPATnet, mencoba menawarkan &ldquo;keunggulan&rdquo; lain. Hadir untuk melayani kelas premium, penyedia layanan jaringan fiber optic yang merupakan Network Acess Provider (NAP) dan Internet Service Provider (ISP), berharap bisa unggul di kota Bandung.', 'Menguji Ketangguhan CEPATnet di Kota Bandung', 'menguji-ketangguhan-cepatnet-di-kota-bandung', '1', '<p>Ingin akses internet lebih cepat? PT. Mora Quatro Multimedia melalui merek CEPATnet, mencoba menawarkan &ldquo;keunggulan&rdquo; lain. Hadir untuk melayani kelas premium, penyedia layanan jaringan fiber optic yang merupakan Network Acess Provider (NAP) dan Internet Service Provider (ISP), berharap bisa unggul di kota Bandung.</p>\r\n\r\n<p>Commercial Director CEPATnet Ade Tjendra menyatakan ekspansi jaringan fiber optik akan terus dilakukan di seluruh kota Bandung. Menurutnya, Bandung adalah ibu kota Provinsi Jawa Barat yang menjadi pusat bisnis dan pendidikan sehingga sangat potensial.</p>\r\n\r\n<p>&ldquo;Keunggulan kami ada pada jaringan fiber optik yang handal dan cepat, sehingga tidak ada lagi keluhan internet terputus-putus, &ldquo; kata Ade belum lama ini di Bandung.</p>\r\n\r\n<p>Jaringan fiber optik CEPATnet di Bandung memiliki cakupan area layanan meliputi area-area Surya Sumantri, Pasteur, Dr. Setiabudi, Dipatiukur, Juanda, Suci, PKH Hasan Mustofa, Surapati, Sukajadi, dan kawasan Setrasari.</p>\r\n\r\n<p>Selain kawasan yang telah disebutkan, pada kuartal IV 2012, jaringan fiber optik CEPATnet&nbsp; akan diperluas hingga kawasan industri Bandung Selatan meliputi jalan Mohammad Toha.</p>\r\n\r\n<p>Pembangunan jaringan proteksi fiber optik&nbsp; backbone sepanjang 26 km dari jalan Jenderal Ibrahim Adjie, Jalan Jenderal A.H Nasution, dan Jalan Pacuan Kuda ditargetkan selesai dibangun sampai dengan akhir 2012.</p>\r\n\r\n<p>Pasar untuk CEPATnet, jelas Ade, sebesar 70% berada di Sumatera dan Jawa. Bahkan hampir 50% berada di Jawa. Sebut saja wilayah lain yang sebelumnya telah memiliki jaringan fiber optik CEPATnet di Indonesia yaitu Jabodetabek, Medan, Batam, Pekan Baru, Palembang, Jambi, Lampung, Semarang, dan Surabaya.</p>\r\n\r\n<p>Menurutnya, fiber optik tersebut merupakan investasi jangka panjang karena dapat bertahan 15-20 tahun. CEPATnet tidak hanya mengedepankan fiber optik tapi juga konten-konten pendukung yang dapat dinikmati masyarakat secara interaktif.</p>\r\n\r\n<p>Dengan target pasar korporasi (corporate) dan SOHO (Small Office Home Office) layanan yang ditawarkan oleh CEPATnet meliputi produk-produk, koneksi internet Broadband &amp; Dedicated dengan kecepatan sampai dengan 100 Mbps. Leased Line/IP VPN, Komunikasi data antar cabang yang handal dan aman, Distributed Data Center, dan Network Manage Sevice.</p>\r\n\r\n<p>&ldquo;Selain menggunakan media kabel fiber optik, kami juga menyediakan media lain sebagai sarana komunikasi dan media pertukaran data dengan menggunakan media wireless/nirkabel, VSAT/Satelit dan Mobile CDMA,&rdquo; tambah Ade.</p>\r\n\r\n<p><strong>Sumber:</strong><br />\r\nBandung Travel Magazine<br />\r\nEdisi Agustus 2012.</p>', '', '', '1', '1389042240', '0', 'no', 'live', 'wysiwyg-advanced', '');
INSERT INTO `default_blog` VALUES ('3', '2014-01-07 04:11:00', null, '1', '3', 'Tak banyak yang tahu manfaat layanan telefoni via serat optik. Padahal, layanan ini memiliki banyak kelebihan.', 'Berhalo-halo Melalui Serat Optik', 'berhalo-melalui-serat-optik', '0', '<p>Kita telah familiar dengan telepon fixed line dengan menggunakan jaringan kabel tembaga. Layanan ini diperkenalkan oleh PT Telekomunikasi Indonesia Tbk (Telkom). Tapi sejak 1982 Indonesia telah mengenal teknologi serat optik (fiber optic) yang muncul seiring lahirnya internet. Serat optik lebih banyak digunakan untuk mengantarkan layanan data. Sebenarnya, jaringan ini mampu mentransfer layanan komunikasi lain seperti audio video, telepon, dan listrik.</p>\r\n\r\n<p>Berbeda dengan kabel tembaga yang menggunakan gelombang elektromagnetik atau listrik, serat optik menggunakan perantara sinar atau cahaya laser. Tutuh Juhana, Ahli Telematika ITB mengatakan, dengan sistem ini serat optik memiliki beberapa kelebihan dibandingkan kabel tembaga. Pertama, &ldquo;Frekuensi lebar membuat kapasitasnya lebih besar&rdquo;. Ini membuat serat optik dapat menjangkau daerah lebih jauh dan mengantarkan data dengan kecepatan tinggi. Kedua, mengantarkan data tanpa gangguan. Ketiga, investasi serat optik lebih murah.</p>\r\n\r\n<p>Namun sebagian besar operator telekomunikasi masih menggunakannya sebagai pengantar layanan data dan TV karena ada operator yang belum mengantungi izin layanan telepon. Selain itu, operator yang menggunakan serat optik juga harus pandai-pandai menawarkan layanan yang sesuai dengan kecepatan yang ingin dicapai. &ldquo;Bisa saja penyedia internet menawarkan internet, TV, dan suara sekaligus, tapi itu membutuhkan kapasitas dan kecepatan tinggi. Ini berpotensi membuat trafik penuh,&rdquo; papar Tutun.</p>\r\n\r\n<p>Di sisi lain, pendapatan suara juga kian melandai. Agar <strong>layanan telefoni</strong> via serat optik lebih populer, Tutun melihat pemerintah perlu mempercepat aturan konvergensi media yang menyatukan macam-macam trafik dalam satu jaringan.</p>\r\n\r\n<p>Sementara itu, Handy Darmawan, Manajer Teknologi Informasi PT Tempo Inti Media Tbk mengakui, perusahaan memakai CEPATnet sebagai salah satu penyedia internet. Tapi pengelola Tempo.co itu tidak menggunakan <strong>layanan telefoni CEPATnet </strong>. &ldquo;Kami tidak ditawari layanan tersebut. Padahal kalau lebih murah bisa dipertimbangkan,&rdquo; tuturnya.</p>\r\n\r\n<p>CEPATnet sendiri sudah dari 2009 memasarkan produk layanannya, yang terdiri dari layanan Triple Play, yaitu TV, Internet dan Telepon. Awalnya CEPATnet menawarkan layanan tersebut pada segment korporasi saja. Kini CEPATnet mulai membidik segmen perumahan (retail).<br />\r\nMenurut Ade Tjendra, Direktur Komersial PT Mora Quatro Multimedia, pihaknya belum menjual <strong>layanan telefoni</strong> lantaran tidak mau menantang pemain besar secara terang-terangan. Sebenarnya CEPATnet sudah bisa menawarkan <strong>layanan telefoni</strong> karena telah mengantungi izin melalui saudaranya, PT Smartfren Telecom Tbk.<br />\r\nCEPATnet telah memiliki sekitar 50.000 pelanggan retail dan 500 pelanggan korporat. Targetnya pada 2014 bisa menggapai 1000 pelanggan korporat dan 1 juta pelanggan retail. Namun,&nbsp; Ade mengungkapkan, pelanggan yang memakai telefoni masih 20%.</p>\r\n\r\n<p><strong>layanan telefoni</strong> jaringan fiber optik, kata Adrian Prasanto, Kepala Humas PT Indosat Tbk, responnya cukup stabil, fleksibel dalam aktifasi dan koneksitas. Indosat punya strategi sendiri untuk menghadapi persaingan di bisnis <strong>layanan telefoni</strong> via serat optik &ldquo;Indosat akan menerapkan kerja sama dengan mitra-mitra jaringan internet,&rdquo; ujar Adrian. Seraya menyebutkan jumlah pelanggan internet Indosat mencapai 110 perusahaan.</p>\r\n\r\n<p><strong>Sumber:</strong><br />\r\nAnjar Leksana dan Gloria Haraito<br />\r\nMajalah Fortune Indonesia &ndash; Edisi Khusus : 17 CEO Berbagi Ide untuk 8 Tantangan Bisnis<br />\r\nVolume 46 &ndash; 30 September 2012</p>', '', '', '1', '1389042660', '0', '3 months', 'live', 'wysiwyg-advanced', '');
INSERT INTO `default_blog_categories` VALUES ('1', 'events', 'Events');
INSERT INTO `default_ci_sessions` VALUES ('efe56c38fbeebf6c655d9599e2c53224', '127.0.0.1', 'Mozilla/5.0 (Windows NT 6.1; WOW64; rv:25.0) Gecko/20100101 Firefox/25.0', '1388636563', 'a:1:{s:17:\"flash:old:success\";s:25:\"You have been logged out.\";}');
INSERT INTO `default_ci_sessions` VALUES ('4379decce28afa82cd2cd10cf791fb80', '127.0.0.1', 'Mozilla/5.0 (Windows NT 6.1; WOW64; rv:25.0) Gecko/20100101 Firefox/25.0', '1388694677', 'a:6:{s:8:\"username\";s:7:\"adriant\";s:5:\"email\";s:27:\"adriant.rivano@cepat.net.id\";s:2:\"id\";s:1:\"1\";s:7:\"user_id\";s:1:\"1\";s:8:\"group_id\";s:1:\"1\";s:5:\"group\";s:5:\"admin\";}');
INSERT INTO `default_ci_sessions` VALUES ('94fb8e31cc6ecaacd0d23aa691f2e40e', '127.0.0.1', 'Mozilla/5.0 (Windows NT 6.1; WOW64; rv:25.0) Gecko/20100101 Firefox/25.0', '1388721116', 'a:1:{s:17:\"flash:old:success\";s:25:\"You have been logged out.\";}');
INSERT INTO `default_ci_sessions` VALUES ('a65d9aa4191aa47364884b64ad0162cb', '127.0.0.1', 'Mozilla/5.0 (Windows NT 6.1; WOW64; rv:25.0) Gecko/20100101 Firefox/25.0', '1388809439', 'a:1:{s:17:\"flash:old:success\";s:25:\"You have been logged out.\";}');
INSERT INTO `default_ci_sessions` VALUES ('fd6cbdd80bc966ef64946d011d9ca284', '127.0.0.1', 'Mozilla/5.0 (Windows NT 6.1; WOW64; rv:25.0) Gecko/20100101 Firefox/25.0', '1388979148', '');
INSERT INTO `default_ci_sessions` VALUES ('a851fcd0254bd8d9247ed06187a06f92', '127.0.0.1', 'Mozilla/5.0 (Windows NT 6.1; WOW64; rv:25.0) Gecko/20100101 Firefox/25.0', '1389069308', '');
INSERT INTO `default_data_field_assignments` VALUES ('1', '1', '1', '1', 'yes', 'no', null, null);
INSERT INTO `default_data_field_assignments` VALUES ('2', '1', '2', '2', 'no', 'no', null, null);
INSERT INTO `default_data_field_assignments` VALUES ('3', '1', '3', '3', 'yes', 'no', null, null);
INSERT INTO `default_data_field_assignments` VALUES ('4', '2', '3', '4', 'yes', 'no', null, null);
INSERT INTO `default_data_field_assignments` VALUES ('5', '3', '3', '5', 'no', 'no', null, null);
INSERT INTO `default_data_field_assignments` VALUES ('6', '4', '3', '6', 'no', 'no', null, null);
INSERT INTO `default_data_field_assignments` VALUES ('7', '5', '3', '7', 'no', 'no', null, null);
INSERT INTO `default_data_field_assignments` VALUES ('8', '6', '3', '8', 'no', 'no', null, null);
INSERT INTO `default_data_field_assignments` VALUES ('9', '7', '3', '9', 'no', 'no', null, null);
INSERT INTO `default_data_field_assignments` VALUES ('10', '8', '3', '10', 'no', 'no', null, null);
INSERT INTO `default_data_field_assignments` VALUES ('11', '9', '3', '11', 'no', 'no', null, null);
INSERT INTO `default_data_field_assignments` VALUES ('12', '10', '3', '12', 'no', 'no', null, null);
INSERT INTO `default_data_field_assignments` VALUES ('13', '11', '3', '13', 'no', 'no', null, null);
INSERT INTO `default_data_field_assignments` VALUES ('14', '12', '3', '14', 'no', 'no', null, null);
INSERT INTO `default_data_field_assignments` VALUES ('15', '13', '3', '15', 'no', 'no', null, null);
INSERT INTO `default_data_field_assignments` VALUES ('16', '14', '3', '16', 'no', 'no', null, null);
INSERT INTO `default_data_field_assignments` VALUES ('17', '1', '4', '17', 'no', 'no', '', null);
INSERT INTO `default_data_field_assignments` VALUES ('18', '1', '5', '18', 'no', 'no', '', null);
INSERT INTO `default_data_fields` VALUES ('1', 'lang:blog:intro_label', 'intro', 'blogs', 'wysiwyg', 0x613A323A7B733A31313A22656469746F725F74797065223B733A363A2273696D706C65223B733A31303A22616C6C6F775F74616773223B733A313A2279223B7D, null, 'no');
INSERT INTO `default_data_fields` VALUES ('2', 'lang:pages:body_label', 'body', 'pages', 'wysiwyg', 0x613A323A7B733A31313A22656469746F725F74797065223B733A383A22616476616E636564223B733A31303A22616C6C6F775F74616773223B733A313A2279223B7D, null, 'no');
INSERT INTO `default_data_fields` VALUES ('3', 'lang:user:first_name_label', 'first_name', 'users', 'text', 0x613A323A7B733A31303A226D61785F6C656E677468223B693A35303B733A31333A2264656661756C745F76616C7565223B4E3B7D, null, 'no');
INSERT INTO `default_data_fields` VALUES ('4', 'lang:user:last_name_label', 'last_name', 'users', 'text', 0x613A323A7B733A31303A226D61785F6C656E677468223B693A35303B733A31333A2264656661756C745F76616C7565223B4E3B7D, null, 'no');
INSERT INTO `default_data_fields` VALUES ('5', 'lang:profile_company', 'company', 'users', 'text', 0x613A323A7B733A31303A226D61785F6C656E677468223B693A3130303B733A31333A2264656661756C745F76616C7565223B4E3B7D, null, 'no');
INSERT INTO `default_data_fields` VALUES ('6', 'lang:profile_bio', 'bio', 'users', 'textarea', 0x613A333A7B733A31323A2264656661756C745F74657874223B4E3B733A31303A22616C6C6F775F74616773223B4E3B733A31323A22636F6E74656E745F74797065223B4E3B7D, null, 'no');
INSERT INTO `default_data_fields` VALUES ('7', 'lang:user:lang', 'lang', 'users', 'pyro_lang', 0x613A313A7B733A31323A2266696C7465725F7468656D65223B733A333A22796573223B7D, null, 'no');
INSERT INTO `default_data_fields` VALUES ('8', 'lang:profile_dob', 'dob', 'users', 'datetime', 0x613A353A7B733A383A227573655F74696D65223B733A323A226E6F223B733A31303A2273746172745F64617465223B733A353A222D31303059223B733A383A22656E645F64617465223B4E3B733A373A2273746F72616765223B733A343A22756E6978223B733A31303A22696E7075745F74797065223B733A383A2264726F70646F776E223B7D, null, 'no');
INSERT INTO `default_data_fields` VALUES ('9', 'lang:profile_gender', 'gender', 'users', 'choice', 0x613A353A7B733A31313A2263686F6963655F64617461223B733A33343A22203A204E6F742054656C6C696E670A6D203A204D616C650A66203A2046656D616C65223B733A31313A2263686F6963655F74797065223B733A383A2264726F70646F776E223B733A31333A2264656661756C745F76616C7565223B4E3B733A31313A226D696E5F63686F69636573223B4E3B733A31313A226D61785F63686F69636573223B4E3B7D, null, 'no');
INSERT INTO `default_data_fields` VALUES ('10', 'lang:profile_phone', 'phone', 'users', 'text', 0x613A323A7B733A31303A226D61785F6C656E677468223B693A32303B733A31333A2264656661756C745F76616C7565223B4E3B7D, null, 'no');
INSERT INTO `default_data_fields` VALUES ('11', 'lang:profile_mobile', 'mobile', 'users', 'text', 0x613A323A7B733A31303A226D61785F6C656E677468223B693A32303B733A31333A2264656661756C745F76616C7565223B4E3B7D, null, 'no');
INSERT INTO `default_data_fields` VALUES ('12', 'lang:profile_address_line1', 'address_line1', 'users', 'text', 0x613A323A7B733A31303A226D61785F6C656E677468223B4E3B733A31333A2264656661756C745F76616C7565223B4E3B7D, null, 'no');
INSERT INTO `default_data_fields` VALUES ('13', 'lang:profile_address_line2', 'address_line2', 'users', 'text', 0x613A323A7B733A31303A226D61785F6C656E677468223B4E3B733A31333A2264656661756C745F76616C7565223B4E3B7D, null, 'no');
INSERT INTO `default_data_fields` VALUES ('14', 'lang:profile_address_line3', 'address_line3', 'users', 'text', 0x613A323A7B733A31303A226D61785F6C656E677468223B4E3B733A31333A2264656661756C745F76616C7565223B4E3B7D, null, 'no');
INSERT INTO `default_data_fields` VALUES ('15', 'lang:profile_address_postcode', 'postcode', 'users', 'text', 0x613A323A7B733A31303A226D61785F6C656E677468223B693A32303B733A31333A2264656661756C745F76616C7565223B4E3B7D, null, 'no');
INSERT INTO `default_data_fields` VALUES ('16', 'lang:profile_website', 'website', 'users', 'url', null, null, 'no');
INSERT INTO `default_data_fields` VALUES ('17', 'Page Retail Body', 'retail_body', 'pages', 'wysiwyg', 0x613A323A7B733A31313A22656469746F725F74797065223B733A383A22616476616E636564223B733A31303A22616C6C6F775F74616773223B733A313A2279223B7D, null, 'no');
INSERT INTO `default_data_fields` VALUES ('18', 'Corp Body', 'corp_body', 'pages', 'wysiwyg', 0x613A323A7B733A31313A22656469746F725F74797065223B733A383A22616476616E636564223B733A31303A22616C6C6F775F74616773223B733A313A2279223B7D, null, 'no');
INSERT INTO `default_data_streams` VALUES ('1', 'lang:blog:blog_title', 'blog', 'blogs', null, null, 0x613A323A7B693A303B733A323A226964223B693A313B733A373A2263726561746564223B7D, null, 'title', null, 'no', null);
INSERT INTO `default_data_streams` VALUES ('2', 'Default', 'def_page_fields', 'pages', null, 'A simple page type with a WYSIWYG editor that will get you started adding content.', 0x613A323A7B693A303B733A323A226964223B693A313B733A373A2263726561746564223B7D, null, 'title', null, 'no', null);
INSERT INTO `default_data_streams` VALUES ('3', 'lang:user_profile_fields_label', 'profiles', 'users', null, 'Profiles for users module', 0x613A313A7B693A303B733A31323A22646973706C61795F6E616D65223B7D, 'display_name', 'title', null, 'no', null);
INSERT INTO `default_data_streams` VALUES ('4', 'Page Type Retail', 'retail', 'pages', 'pages_', null, 0x613A323A7B693A303B733A323A226964223B693A313B733A373A2263726561746564223B7D, null, 'title', null, 'no', null);
INSERT INTO `default_data_streams` VALUES ('5', 'Page Type Corporate', 'corporate', 'pages', 'pages_', null, 0x613A323A7B693A303B733A323A226964223B693A313B733A373A2263726561746564223B7D, null, 'title', null, 'no', null);
INSERT INTO `default_def_page_fields` VALUES ('1', '2014-01-02 10:10:37', '2014-01-07 18:30:03', '1', null, '<div><img src=\"http://cepat.net.id/images/promo-akhir-tahun.jpg\" style=\"width:100%; border:none; \" /></div>\r\n\r\n<div>\r\n<h3 style=\"padding:0;\">Recent News</h3>\r\n{{ blog:posts limit=&quot;1&quot; }}\r\n\r\n<article class=\"art\" style=\"background:#FFF; padding:10px; color:#999;\">\r\n<h4><a href=\"{{ url }}\">{{ title }}</a></h4>\r\n\r\n<p>{{ intro }}</p>\r\n</article>\r\n{{ /blog:posts }}</div>\r\n');
INSERT INTO `default_def_page_fields` VALUES ('2', '2014-01-02 10:10:37', null, '1', null, '<p>To contact us please fill out the form below.</p>\n				{{ contact:form name=\"text|required\" email=\"text|required|valid_email\" subject=\"dropdown|Support|Sales|Feedback|Other\" message=\"textarea\" attachment=\"file|zip\" }}\n					<div><label for=\"name\">Name:</label>{{ name }}</div>\n					<div><label for=\"email\">Email:</label>{{ email }}</div>\n					<div><label for=\"subject\">Subject:</label>{{ subject }}</div>\n					<div><label for=\"message\">Message:</label>{{ message }}</div>\n					<div><label for=\"attachment\">Attach  a zip file:</label>{{ attachment }}</div>\n				{{ /contact:form }}');
INSERT INTO `default_def_page_fields` VALUES ('3', '2014-01-02 10:10:37', null, '1', null, '{{ search:form class=\"search-form\" }} \n		<input name=\"q\" placeholder=\"Search terms...\" />\n	{{ /search:form }}');
INSERT INTO `default_def_page_fields` VALUES ('4', '2014-01-02 10:10:37', null, '1', null, '{{ search:form class=\"search-form\" }} \n		<input name=\"q\" placeholder=\"Search terms...\" />\n	{{ /search:form }}\n\n{{ search:results }}\n\n	{{ total }} results for \"{{ query }}\".\n\n	<hr />\n\n	{{ entries }}\n\n		<article>\n			<h4>{{ singular }}: <a href=\"{{ url }}\">{{ title }}</a></h4>\n			<p>{{ description }}</p>\n		</article>\n\n	{{ /entries }}\n\n        {{ pagination }}\n\n{{ /search:results }}');
INSERT INTO `default_def_page_fields` VALUES ('5', '2014-01-02 10:10:37', null, '1', null, '<p>We cannot find the page you are looking for, please click <a title=\"Home\" href=\"{{ pages:url id=\'1\' }}\">here</a> to go to the homepage.</p>');
INSERT INTO `default_def_page_fields` VALUES ('6', '2014-01-02 14:21:20', null, '1', '1', 'Corporate Home');
INSERT INTO `default_def_page_fields` VALUES ('7', '2014-01-02 14:22:45', '2014-01-02 14:23:51', '1', '2', 'Homelinks Index');
INSERT INTO `default_def_page_fields` VALUES ('8', '2014-01-02 14:25:59', null, '1', '3', 'Retail Index');
INSERT INTO `default_def_page_fields` VALUES ('9', '2014-01-02 14:27:42', null, '1', '4', 'Page TV Guide');
INSERT INTO `default_def_page_fields` VALUES ('10', '2014-01-02 14:30:33', null, '1', '5', 'Super Metro');
INSERT INTO `default_def_page_fields` VALUES ('11', '2014-01-02 14:31:05', null, '1', '6', 'VSAT Links');
INSERT INTO `default_def_page_fields` VALUES ('12', '2014-01-02 15:18:49', '2014-01-02 15:18:51', '1', '7', 'Leased Line / IP VPN Page');
INSERT INTO `default_def_page_fields` VALUES ('13', '2014-01-02 15:19:32', null, '1', '8', 'Internet Acces Page');
INSERT INTO `default_def_page_fields` VALUES ('14', '2014-01-02 15:20:20', null, '1', '9', 'Data Center Page');
INSERT INTO `default_def_page_fields` VALUES ('15', '2014-01-02 15:20:54', null, '1', '10', 'Telepon Page');
INSERT INTO `default_def_page_fields` VALUES ('16', '2014-01-02 15:23:53', '2014-01-02 15:26:37', '1', '11', 'Coverage Page');
INSERT INTO `default_email_templates` VALUES ('1', 'comments', 'Comment Notification', 'Email that is sent to admin when someone creates a comment', 'You have just received a comment from {{ name }}', '<h3>You have received a comment from {{ name }}</h3>\n				<p>\n				<strong>IP Address: {{ sender_ip }}</strong><br/>\n				<strong>Operating System: {{ sender_os }}<br/>\n				<strong>User Agent: {{ sender_agent }}</strong>\n				</p>\n				<p>{{ comment }}</p>\n				<p>View Comment: {{ redirect_url }}</p>', 'en', '1', 'comments');
INSERT INTO `default_email_templates` VALUES ('2', 'contact', 'Contact Notification', 'Template for the contact form', '{{ settings:site_name }} :: {{ subject }}', 'This message was sent via the contact form on with the following details:\n				<hr />\n				IP Address: {{ sender_ip }}\n				OS {{ sender_os }}\n				Agent {{ sender_agent }}\n				<hr />\n				{{ message }}\n\n				{{ name }},\n\n				{{ email }}', 'en', '1', 'pages');
INSERT INTO `default_email_templates` VALUES ('3', 'registered', 'New User Registered', 'Email sent to the site contact e-mail when a new user registers', '{{ settings:site_name }} :: You have just received a registration from {{ name }}', '<h3>You have received a registration from {{ name }}</h3>\n				<p><strong>IP Address: {{ sender_ip }}</strong><br/>\n				<strong>Operating System: {{ sender_os }}</strong><br/>\n				<strong>User Agent: {{ sender_agent }}</strong>\n				</p>', 'en', '1', 'users');
INSERT INTO `default_email_templates` VALUES ('4', 'activation', 'Activation Email', 'The email which contains the activation code that is sent to a new user', '{{ settings:site_name }} - Account Activation', '<p>Hello {{ user:first_name }},</p>\n				<p>Thank you for registering at {{ settings:site_name }}. Before we can activate your account, please complete the registration process by clicking on the following link:</p>\n				<p><a href=\"{{ url:site }}users/activate/{{ user:id }}/{{ activation_code }}\">{{ url:site }}users/activate/{{ user:id }}/{{ activation_code }}</a></p>\n				<p>&nbsp;</p>\n				<p>In case your email program does not recognize the above link as, please direct your browser to the following URL and enter the activation code:</p>\n				<p><a href=\"{{ url:site }}users/activate\">{{ url:site }}users/activate</a></p>\n				<p><strong>Activation Code:</strong> {{ activation_code }}</p>', 'en', '1', 'users');
INSERT INTO `default_email_templates` VALUES ('5', 'forgotten_password', 'Forgotten Password Email', 'The email that is sent containing a password reset code', '{{ settings:site_name }} - Forgotten Password', '<p>Hello {{ user:first_name }},</p>\n				<p>It seems you have requested a password reset. Please click this link to complete the reset: <a href=\"{{ url:site }}users/reset_pass/{{ user:forgotten_password_code }}\">{{ url:site }}users/reset_pass/{{ user:forgotten_password_code }}</a></p>\n				<p>If you did not request a password reset please disregard this message. No further action is necessary.</p>', 'en', '1', 'users');
INSERT INTO `default_email_templates` VALUES ('6', 'new_password', 'New Password Email', 'After a password is reset this email is sent containing the new password', '{{ settings:site_name }} - New Password', '<p>Hello {{ user:first_name }},</p>\n				<p>Your new password is: {{ new_password }}</p>\n				<p>After logging in you may change your password by visiting <a href=\"{{ url:site }}edit-profile\">{{ url:site }}edit-profile</a></p>', 'en', '1', 'users');
INSERT INTO `default_file_folders` VALUES ('1', '0', 'homelinks', 'homelinks', 'local', '', '1388976819', '1388976819', '0');
INSERT INTO `default_file_folders` VALUES ('2', '0', 'cepatnet', 'cepatnet', 'local', '', '1388976846', '1388976846', '0');
INSERT INTO `default_files` VALUES ('46240458a38dc92', '1', '1', 'i', 'Testimoni Pelanggan', '662a13bd39c43ba1a6203ae553423ab3.jpg', '{{ url:site }}files/large/662a13bd39c43ba1a6203ae553423ab3.jpg', 'Kalau CEPATNet in SERMAN, Serba Mantab!!! Harga Ekonomis dan kualitas stabil karena CEPATNet menggunakan teknologi Fiber Optic sehingga mendukung usaha kami.', '.jpg', 'image/jpeg', '', '340', '383', '93', 'Testimoni Pelanggan CEPATNet', '0', '1388977106', '0');
INSERT INTO `default_groups` VALUES ('1', 'admin', 'Administrator');
INSERT INTO `default_groups` VALUES ('2', 'user', 'User');
INSERT INTO `default_keywords` VALUES ('1', 'seremoni');
INSERT INTO `default_keywords` VALUES ('2', 'kerjasama');
INSERT INTO `default_keywords_applied` VALUES ('3', '4495dfc1d814207595b4b10fde86b4af', '2');
INSERT INTO `default_keywords_applied` VALUES ('4', '4495dfc1d814207595b4b10fde86b4af', '1');
INSERT INTO `default_migrations` VALUES ('125');
INSERT INTO `default_modules` VALUES ('1', 'a:25:{s:2:\"en\";s:8:\"Settings\";s:2:\"ar\";s:18:\"\";s:2:\"br\";s:15:\"Configuraes\";s:2:\"pt\";s:15:\"Configuraes\";s:2:\"cs\";s:10:\"Nastaven\";s:2:\"da\";s:13:\"Indstillinger\";s:2:\"de\";s:13:\"Einstellungen\";s:2:\"el\";s:18:\"\";s:2:\"es\";s:15:\"Configuraciones\";s:2:\"fa\";s:14:\"\";s:2:\"fi\";s:9:\"Asetukset\";s:2:\"fr\";s:11:\"Paramtres\";s:2:\"he\";s:12:\"\";s:2:\"id\";s:10:\"Pengaturan\";s:2:\"it\";s:12:\"Impostazioni\";s:2:\"lt\";s:10:\"Nustatymai\";s:2:\"nl\";s:12:\"Instellingen\";s:2:\"pl\";s:10:\"Ustawienia\";s:2:\"ru\";s:18:\"\";s:2:\"sl\";s:10:\"Nastavitve\";s:2:\"tw\";s:12:\"\";s:2:\"cn\";s:12:\"\";s:2:\"hu\";s:14:\"Belltsok\";s:2:\"th\";s:21:\"\";s:2:\"se\";s:14:\"Instllningar\";}', 'settings', '1.0.0', null, 'a:25:{s:2:\"en\";s:89:\"Allows administrators to update settings like Site Name, messages and email address, etc.\";s:2:\"ar\";s:161:\"           .. .\";s:2:\"br\";s:120:\"Permite com que administradores e a equipe consigam trocar as configuraes do website incluindo o nome e descrio.\";s:2:\"pt\";s:113:\"Permite com que os administradores consigam alterar as configuraes do website incluindo o nome e descrio.\";s:2:\"cs\";s:102:\"Umouje administrtorm mnit nastaven webu jako jeho jmno, zprvy a emailovou adresu apod.\";s:2:\"da\";s:90:\"Lader administratorer opdatere indstillinger som sidenavn, beskeder og email adresse, etc.\";s:2:\"de\";s:92:\"Erlaubt es Administratoren die Einstellungen der Seite wie Name und Beschreibung zu ndern.\";s:2:\"el\";s:230:\"          ,      email, ..\";s:2:\"es\";s:131:\"Permite a los administradores y al personal configurar los detalles del sitio como el nombre del sitio y la descripcin del mismo.\";s:2:\"fa\";s:105:\"           \";s:2:\"fi\";s:105:\"Mahdollistaa sivuston asetusten muokkaamisen, kuten sivuston nimen, viestit ja shkpostiosoitteet yms.\";s:2:\"fr\";s:118:\"Permet aux admistrateurs de modifier les paramtres du site : nom du site, description, messages, adresse email, etc.\";s:2:\"he\";s:116:\"     :  , ,   \";s:2:\"id\";s:112:\"Memungkinkan administrator untuk dapat memperbaharui pengaturan seperti nama situs, pesan dan alamat email, dsb.\";s:2:\"it\";s:109:\"Permette agli amministratori di aggiornare impostazioni quali Nome del Sito, messaggi e indirizzo email, etc.\";s:2:\"lt\";s:104:\"Leidia administratoriams keisti puslapio vavadinim, inutes, administratoriaus el. pata ir kit.\";s:2:\"nl\";s:114:\"Maakt het administratoren en medewerkers mogelijk om websiteinstellingen zoals naam en beschrijving te veranderen.\";s:2:\"pl\";s:103:\"Umoliwia administratorom zmian ustawie strony jak nazwa strony, opis, e-mail administratora, itd.\";s:2:\"ru\";s:135:\"   -  , ,    ..\";s:2:\"sl\";s:98:\"Dovoljuje administratorjem posodobitev nastavitev kot je Ime strani, sporoil, email naslova itd.\";s:2:\"tw\";s:99:\"\";s:2:\"cn\";s:99:\"\";s:2:\"hu\";s:125:\"Lehetv teszi az adminok szmra a belltsok frisstst, mint a weboldal neve, zenetek, e-mail cmek, stb...\";s:2:\"th\";s:232:\" \";s:2:\"se\";s:84:\"Administratren kan uppdatera webbplatsens titel, meddelanden och E-postadress etc.\";}', '1', '0', '1', 'settings', '1', '1', '1', '1388635223');
INSERT INTO `default_modules` VALUES ('2', 'a:11:{s:2:\"en\";s:12:\"Streams Core\";s:2:\"pt\";s:14:\"Ncleo Fluxos\";s:2:\"fr\";s:10:\"Noyau Flux\";s:2:\"el\";s:23:\" \";s:2:\"se\";s:18:\"Streams grundmodul\";s:2:\"tw\";s:14:\"Streams \";s:2:\"cn\";s:14:\"Streams \";s:2:\"ar\";s:31:\" \";s:2:\"it\";s:12:\"Streams Core\";s:2:\"fa\";s:26:\"  \";s:2:\"fi\";s:13:\"Striimit ydin\";}', 'streams_core', '1.0.0', null, 'a:11:{s:2:\"en\";s:29:\"Core data module for streams.\";s:2:\"pt\";s:37:\"Mdulo central de dados para fluxos.\";s:2:\"fr\";s:32:\"Noyau de donnes pour les Flux.\";s:2:\"el\";s:113:\"      .\";s:2:\"se\";s:50:\"Streams grundmodul fr enklare hantering av data.\";s:2:\"tw\";s:29:\"Streams \";s:2:\"cn\";s:29:\"Streams \";s:2:\"ar\";s:57:\"   \";s:2:\"it\";s:17:\"Core dello Stream\";s:2:\"fa\";s:48:\"    \";s:2:\"fi\";s:48:\"Ydin datan hallinoiva moduuli striimej varten.\";}', '1', '0', '0', '0', '1', '1', '1', '1388635223');
INSERT INTO `default_modules` VALUES ('3', 'a:21:{s:2:\"en\";s:15:\"Email Templates\";s:2:\"ar\";s:48:\"  \";s:2:\"br\";s:17:\"Modelos de e-mail\";s:2:\"pt\";s:17:\"Modelos de e-mail\";s:2:\"da\";s:16:\"Email skabeloner\";s:2:\"el\";s:22:\" email\";s:2:\"es\";s:19:\"Plantillas de email\";s:2:\"fa\";s:26:\"  \";s:2:\"fr\";s:17:\"Modles d\'emails\";s:2:\"he\";s:12:\"\";s:2:\"id\";s:14:\"Template Email\";s:2:\"lt\";s:22:\"El. laik ablonai\";s:2:\"nl\";s:15:\"Email sjablonen\";s:2:\"ru\";s:25:\" \";s:2:\"sl\";s:14:\"Email predloge\";s:2:\"tw\";s:12:\"\";s:2:\"cn\";s:12:\"\";s:2:\"hu\";s:15:\"E-mail sablonok\";s:2:\"fi\";s:25:\"Shkposti viestipohjat\";s:2:\"th\";s:33:\"\";s:2:\"se\";s:12:\"E-postmallar\";}', 'templates', '1.1.0', null, 'a:21:{s:2:\"en\";s:46:\"Create, edit, and save dynamic email templates\";s:2:\"ar\";s:97:\"      .\";s:2:\"br\";s:51:\"Criar, editar e salvar modelos de e-mail dinmicos\";s:2:\"pt\";s:51:\"Criar, editar e salvar modelos de e-mail dinmicos\";s:2:\"da\";s:49:\"Opret, redigr og gem dynamiske emailskabeloner.\";s:2:\"el\";s:108:\",     email.\";s:2:\"es\";s:54:\"Crear, editar y guardar plantillas de email dinmicas\";s:2:\"fa\";s:92:\"          \";s:2:\"fr\";s:61:\"Crer, diter et sauver dynamiquement des modles d\'emails\";s:2:\"he\";s:54:\"    \";s:2:\"id\";s:55:\"Membuat, mengedit, dan menyimpan template email dinamis\";s:2:\"lt\";s:58:\"Kurk, tvarkyk ir saugok dinaminius el. laik ablonus.\";s:2:\"nl\";s:49:\"Maak, bewerk, en beheer dynamische emailsjablonen\";s:2:\"ru\";s:127:\",      \";s:2:\"sl\";s:52:\"Ustvari, uredi in shrani spremenljive email predloge\";s:2:\"tw\";s:61:\" email \";s:2:\"cn\";s:61:\" email \";s:2:\"hu\";s:63:\"Csinld, szerkeszd s mentsd el a dinamikus e-mail sablonokat\";s:2:\"fi\";s:66:\"Lis, muokkaa ja tallenna dynaamisia shkposti viestipohjia.\";s:2:\"th\";s:129:\"\";s:2:\"se\";s:49:\"Skapa, redigera och spara dynamiska E-postmallar.\";}', '1', '0', '1', 'structure', '1', '1', '1', '1388635223');
INSERT INTO `default_modules` VALUES ('4', 'a:25:{s:2:\"en\";s:7:\"Add-ons\";s:2:\"ar\";s:16:\"\";s:2:\"br\";s:12:\"Complementos\";s:2:\"pt\";s:12:\"Complementos\";s:2:\"cs\";s:8:\"Doplky\";s:2:\"da\";s:7:\"Add-ons\";s:2:\"de\";s:13:\"Erweiterungen\";s:2:\"el\";s:16:\"\";s:2:\"es\";s:9:\"Agregados\";s:2:\"fa\";s:17:\" \";s:2:\"fi\";s:9:\"Lisosat\";s:2:\"fr\";s:10:\"Extensions\";s:2:\"he\";s:12:\"\";s:2:\"id\";s:7:\"Pengaya\";s:2:\"it\";s:7:\"Add-ons\";s:2:\"lt\";s:7:\"Priedai\";s:2:\"nl\";s:7:\"Add-ons\";s:2:\"pl\";s:12:\"Rozszerzenia\";s:2:\"ru\";s:20:\"\";s:2:\"sl\";s:11:\"Raziritve\";s:2:\"tw\";s:12:\"\";s:2:\"cn\";s:12:\"\";s:2:\"hu\";s:14:\"Bvtmnyek\";s:2:\"th\";s:27:\"\";s:2:\"se\";s:8:\"Tillgg\";}', 'addons', '2.0.0', null, 'a:25:{s:2:\"en\";s:59:\"Allows admins to see a list of currently installed modules.\";s:2:\"ar\";s:91:\"      .\";s:2:\"br\";s:75:\"Permite aos administradores ver a lista dos mdulos instalados atualmente.\";s:2:\"pt\";s:75:\"Permite aos administradores ver a lista dos mdulos instalados atualmente.\";s:2:\"cs\";s:68:\"Umouje administrtorm vidt seznam nainstalovanch modul.\";s:2:\"da\";s:63:\"Lader administratorer se en liste over de installerede moduler.\";s:2:\"de\";s:56:\"Zeigt Administratoren alle aktuell installierten Module.\";s:2:\"el\";s:152:\"         .\";s:2:\"es\";s:71:\"Permite a los administradores ver una lista de los mdulos instalados.\";s:2:\"fa\";s:93:\"         \";s:2:\"fi\";s:60:\"Listaa jrjestelmnvalvojalle kytss olevat moduulit.\";s:2:\"fr\";s:66:\"Permet aux administrateurs de voir la liste des modules installs\";s:2:\"he\";s:160:\"              \";s:2:\"id\";s:57:\"Memperlihatkan kepada admin daftar modul yang terinstall.\";s:2:\"it\";s:83:\"Permette agli amministratori di vedere una lista dei moduli attualmente installati.\";s:2:\"lt\";s:75:\"Vartotojai ir sveiai gali komentuoti js naujienas, puslapius ar foto.\";s:2:\"nl\";s:79:\"Stelt admins in staat om een overzicht van geinstalleerde modules te genereren.\";s:2:\"pl\";s:81:\"Umoliwiaj administratorowi wgld do listy obecnie zainstalowanych moduw.\";s:2:\"ru\";s:83:\" ,    .\";s:2:\"sl\";s:65:\"Dovoljuje administratorjem pregled trenutno nameenih modulov.\";s:2:\"tw\";s:54:\"\";s:2:\"cn\";s:54:\"\";s:2:\"hu\";s:79:\"Lehetv teszi az adminoknak, hogy lssk a teleptett modulok listjt.\";s:2:\"th\";s:162:\"\";s:2:\"se\";s:67:\"Gr det mjligt fr administratren att se installerade mouler.\";}', '0', '0', '1', '0', '1', '1', '1', '1388635223');
INSERT INTO `default_modules` VALUES ('5', 'a:17:{s:2:\"en\";s:4:\"Blog\";s:2:\"ar\";s:16:\"\";s:2:\"br\";s:4:\"Blog\";s:2:\"pt\";s:4:\"Blog\";s:2:\"el\";s:18:\"\";s:2:\"fa\";s:8:\"\";s:2:\"he\";s:8:\"\";s:2:\"id\";s:4:\"Blog\";s:2:\"lt\";s:6:\"Blogas\";s:2:\"pl\";s:4:\"Blog\";s:2:\"ru\";s:8:\"\";s:2:\"tw\";s:6:\"\";s:2:\"cn\";s:6:\"\";s:2:\"hu\";s:4:\"Blog\";s:2:\"fi\";s:5:\"Blogi\";s:2:\"th\";s:15:\"\";s:2:\"se\";s:5:\"Blogg\";}', 'blog', '2.0.0', null, 'a:25:{s:2:\"en\";s:18:\"Post blog entries.\";s:2:\"ar\";s:48:\"   .\";s:2:\"br\";s:30:\"Escrever publicaes de blog\";s:2:\"pt\";s:39:\"Escrever e editar publicaes no blog\";s:2:\"cs\";s:49:\"Publikujte nov lnky a pspvky na blog.\";s:2:\"da\";s:17:\"Skriv blogindlg\";s:2:\"de\";s:47:\"Verffentliche neue Artikel und Blog-Eintrge\";s:2:\"sl\";s:23:\"Objavite blog prispevke\";s:2:\"fi\";s:28:\"Kirjoita blogi artikkeleita.\";s:2:\"el\";s:93:\"      .\";s:2:\"es\";s:54:\"Escribe entradas para los artculos y blog (web log).\";s:2:\"fa\";s:44:\"    \";s:2:\"fr\";s:34:\"Poster des articles d\'actualits.\";s:2:\"he\";s:19:\" \";s:2:\"id\";s:15:\"Post entri blog\";s:2:\"it\";s:36:\"Pubblica notizie e post per il blog.\";s:2:\"lt\";s:40:\"Raykite naujienas bei blog\'o raus.\";s:2:\"nl\";s:41:\"Post nieuwsartikelen en blogs op uw site.\";s:2:\"pl\";s:27:\"Dodawaj nowe wpisy na blogu\";s:2:\"ru\";s:49:\"  .\";s:2:\"tw\";s:42:\"\";s:2:\"cn\";s:42:\"\";s:2:\"th\";s:48:\"\";s:2:\"hu\";s:32:\"Blog bejegyzsek ltrehozsa.\";s:2:\"se\";s:18:\"Inlgg i bloggen.\";}', '1', '1', '1', 'content', '1', '1', '1', '1388635223');
INSERT INTO `default_modules` VALUES ('6', 'a:25:{s:2:\"en\";s:8:\"Comments\";s:2:\"ar\";s:18:\"\";s:2:\"br\";s:12:\"Comentrios\";s:2:\"pt\";s:12:\"Comentrios\";s:2:\"cs\";s:11:\"Komente\";s:2:\"da\";s:11:\"Kommentarer\";s:2:\"de\";s:10:\"Kommentare\";s:2:\"el\";s:12:\"\";s:2:\"es\";s:11:\"Comentarios\";s:2:\"fi\";s:9:\"Kommentit\";s:2:\"fr\";s:12:\"Commentaires\";s:2:\"fa\";s:10:\"\";s:2:\"he\";s:12:\"\";s:2:\"id\";s:8:\"Komentar\";s:2:\"it\";s:8:\"Commenti\";s:2:\"lt\";s:10:\"Komentarai\";s:2:\"nl\";s:8:\"Reacties\";s:2:\"pl\";s:10:\"Komentarze\";s:2:\"ru\";s:22:\"\";s:2:\"sl\";s:10:\"Komentarji\";s:2:\"tw\";s:6:\"\";s:2:\"cn\";s:6:\"\";s:2:\"hu\";s:16:\"Hozzszlsok\";s:2:\"th\";s:33:\"\";s:2:\"se\";s:11:\"Kommentarer\";}', 'comments', '1.1.0', null, 'a:25:{s:2:\"en\";s:76:\"Users and guests can write comments for content like blog, pages and photos.\";s:2:\"ar\";s:152:\"         .\";s:2:\"br\";s:97:\"Usurios e convidados podem escrever comentrios para quase tudo com suporte nativo ao captcha.\";s:2:\"pt\";s:100:\"Utilizadores e convidados podem escrever comentrios para quase tudo com suporte nativo ao captcha.\";s:2:\"cs\";s:100:\"Uivatel a host mohou pst komente k obsahu, nap. neovinkm, strnkm a fotografim.\";s:2:\"da\";s:83:\"Brugere og besgende kan skrive kommentarer til indhold som blog, sider og fotoer.\";s:2:\"de\";s:65:\"Benutzer und Gste knnen fr fast alles Kommentare schreiben.\";s:2:\"el\";s:224:\"             ,     .\";s:2:\"es\";s:130:\"Los usuarios y visitantes pueden escribir comentarios en casi todo el contenido con el soporte de un sistema de captcha includo.\";s:2:\"fa\";s:168:\"                    \";s:2:\"fi\";s:107:\"Kyttjt ja vieraat voivat kirjoittaa kommentteja eri sisltihin kuten uutisiin, sivuihin ja kuviin.\";s:2:\"fr\";s:130:\"Les utilisateurs et les invits peuvent crire des commentaires pour quasiment tout grce au gnrateur de captcha intgr.\";s:2:\"he\";s:94:\"     ,  \";s:2:\"id\";s:100:\"Pengguna dan pengunjung dapat menuliskan komentaruntuk setiap konten seperti blog, halaman dan foto.\";s:2:\"it\";s:85:\"Utenti e visitatori possono scrivere commenti ai contenuti quali blog, pagine e foto.\";s:2:\"lt\";s:75:\"Vartotojai ir sveiai gali komentuoti js naujienas, puslapius ar foto.\";s:2:\"nl\";s:52:\"Gebruikers en gasten kunnen reageren op bijna alles.\";s:2:\"pl\";s:93:\"Uytkownicy i gocie mog dodawa komentarze z wbudowanym systemem zabezpiecze captcha.\";s:2:\"ru\";s:187:\"       ,    .\";s:2:\"sl\";s:89:\"Uporabniki in obiskovalci lahko vnesejo komentarje na vsebino kot je blok, stra ali slike\";s:2:\"tw\";s:75:\"\";s:2:\"cn\";s:75:\"\";s:2:\"hu\";s:117:\"A felhasznlk s a vendgek hozzszlsokat rhatnak a tartalomhoz (bejegyzsekhez, oldalakhoz, fotkhoz).\";s:2:\"th\";s:240:\"\";s:2:\"se\";s:98:\"Anvndare och beskare kan skriva kommentarer till innehll som blogginlgg, sidor och bilder.\";}', '0', '0', '1', 'content', '1', '1', '1', '1388635223');
INSERT INTO `default_modules` VALUES ('7', 'a:25:{s:2:\"en\";s:7:\"Contact\";s:2:\"ar\";s:14:\"\";s:2:\"br\";s:7:\"Contato\";s:2:\"pt\";s:8:\"Contacto\";s:2:\"cs\";s:7:\"Kontakt\";s:2:\"da\";s:7:\"Kontakt\";s:2:\"de\";s:7:\"Kontakt\";s:2:\"el\";s:22:\"\";s:2:\"es\";s:8:\"Contacto\";s:2:\"fa\";s:18:\"  \";s:2:\"fi\";s:13:\"Ota yhteytt\";s:2:\"fr\";s:7:\"Contact\";s:2:\"he\";s:17:\" \";s:2:\"id\";s:6:\"Kontak\";s:2:\"it\";s:10:\"Contattaci\";s:2:\"lt\";s:18:\"Kontaktin form\";s:2:\"nl\";s:7:\"Contact\";s:2:\"pl\";s:7:\"Kontakt\";s:2:\"ru\";s:27:\" \";s:2:\"sl\";s:7:\"Kontakt\";s:2:\"tw\";s:12:\"\";s:2:\"cn\";s:12:\"\";s:2:\"hu\";s:9:\"Kapcsolat\";s:2:\"th\";s:18:\"\";s:2:\"se\";s:7:\"Kontakt\";}', 'contact', '1.0.0', null, 'a:25:{s:2:\"en\";s:112:\"Adds a form to your site that allows visitors to send emails to you without disclosing an email address to them.\";s:2:\"ar\";s:157:\"            .\";s:2:\"br\";s:139:\"Adiciona um formulrio para o seu site permitir aos visitantes que enviem e-mails para voce sem divulgar um endereo de e-mail para eles.\";s:2:\"pt\";s:116:\"Adiciona um formulrio ao seu site que permite aos visitantes enviarem e-mails sem divulgar um endereo de e-mail.\";s:2:\"cs\";s:149:\"Pid na web kontaktn formul pro nvtvnky a uivatele, dky ktermu vs mohou kontaktovat i bez znalosti va e-mailov adresy.\";s:2:\"da\";s:123:\"Tilfjer en formular p din side som tillader besgende at sende mails til dig, uden at du skal opgive din email-adresse\";s:2:\"de\";s:119:\"Fgt ein Formular hinzu, welches Besuchern erlaubt Emails zu schreiben, ohne die Kontakt Email-Adresse offen zu legen.\";s:2:\"el\";s:273:\"               email        email .\";s:2:\"fa\";s:239:\"                          .\";s:2:\"es\";s:156:\"Aade un formulario a tu sitio que permitir a los visitantes enviarte correos electrnicos a ti sin darles tu direccin de correo directamente a ellos.\";s:2:\"fi\";s:128:\"Luo lomakkeen sivustollesi, josta kvijt voivat lhett shkpostia tietmtt vastaanottajan shkpostiosoitetta.\";s:2:\"fr\";s:122:\"Ajoute un formulaire  votre site qui permet aux visiteurs de vous envoyer un e-mail sans rvler votre adresse e-mail.\";s:2:\"he\";s:155:\"               \";s:2:\"id\";s:149:\"Menambahkan formulir ke dalam situs Anda yang memungkinkan pengunjung untuk mengirimkan email kepada Anda tanpa memberikan alamat email kepada mereka\";s:2:\"it\";s:119:\"Aggiunge un modulo al tuo sito che permette ai visitatori di inviarti email senza mostrare loro il tuo indirizzo email.\";s:2:\"lt\";s:124:\"Prideda js puslapyje form leidianti lankytojams sisti jums el. laikus neatskleidiant js el. pato adreso.\";s:2:\"nl\";s:125:\"Voegt een formulier aan de site toe waarmee bezoekers een email kunnen sturen, zonder dat u ze een emailadres hoeft te tonen.\";s:2:\"pl\";s:126:\"Dodaje formularz kontaktowy do Twojej strony, ktry pozwala uytkownikom wysanie maila za pomoc formularza kontaktowego.\";s:2:\"ru\";s:234:\"     ,       ,    Email  .\";s:2:\"sl\";s:113:\"Dodaj obrazec za kontakt da vam lahko obiskovalci poljejo sporoilo brez da bi jim razkrili va email naslov.\";s:2:\"tw\";s:147:\"\";s:2:\"cn\";s:147:\"\";s:2:\"th\";s:316:\" \";s:2:\"hu\";s:156:\"Ltrehozhat vele olyan rlap, amely lehetv teszi a ltogatk szmra, hogy e-mailt kldjenek neked gy, hogy nem feded fel az e-mail cmedet.\";s:2:\"se\";s:53:\"Lgger till ett kontaktformulr till din webbplats.\";}', '0', '0', '0', '0', '1', '1', '1', '1388635223');
INSERT INTO `default_modules` VALUES ('8', 'a:24:{s:2:\"en\";s:5:\"Files\";s:2:\"ar\";s:16:\"\";s:2:\"br\";s:8:\"Arquivos\";s:2:\"pt\";s:9:\"Ficheiros\";s:2:\"cs\";s:7:\"Soubory\";s:2:\"da\";s:5:\"Filer\";s:2:\"de\";s:7:\"Dateien\";s:2:\"el\";s:12:\"\";s:2:\"es\";s:8:\"Archivos\";s:2:\"fa\";s:13:\" \";s:2:\"fi\";s:9:\"Tiedostot\";s:2:\"fr\";s:8:\"Fichiers\";s:2:\"he\";s:10:\"\";s:2:\"id\";s:4:\"File\";s:2:\"it\";s:4:\"File\";s:2:\"lt\";s:6:\"Failai\";s:2:\"nl\";s:9:\"Bestanden\";s:2:\"ru\";s:10:\"\";s:2:\"sl\";s:8:\"Datoteke\";s:2:\"tw\";s:6:\"\";s:2:\"cn\";s:6:\"\";s:2:\"hu\";s:7:\"Fjlok\";s:2:\"th\";s:12:\"\";s:2:\"se\";s:5:\"Filer\";}', 'files', '2.0.0', null, 'a:24:{s:2:\"en\";s:40:\"Manages files and folders for your site.\";s:2:\"ar\";s:50:\"   .\";s:2:\"br\";s:53:\"Permite gerenciar facilmente os arquivos de seu site.\";s:2:\"pt\";s:59:\"Permite gerir facilmente os ficheiros e pastas do seu site.\";s:2:\"cs\";s:43:\"Spravujte soubory a sloky na vaem webu.\";s:2:\"da\";s:41:\"Administrer filer og mapper for dit site.\";s:2:\"de\";s:35:\"Verwalte Dateien und Verzeichnisse.\";s:2:\"el\";s:100:\"       .\";s:2:\"es\";s:43:\"Administra archivos y carpetas en tu sitio.\";s:2:\"fa\";s:79:\"         \";s:2:\"fi\";s:43:\"Hallitse sivustosi tiedostoja ja kansioita.\";s:2:\"fr\";s:46:\"Grer les fichiers et dossiers de votre site.\";s:2:\"he\";s:47:\"   \";s:2:\"id\";s:42:\"Mengatur file dan folder dalam situs Anda.\";s:2:\"it\";s:38:\"Gestisci file e cartelle del tuo sito.\";s:2:\"lt\";s:28:\"Katalog ir byl valdymas.\";s:2:\"nl\";s:41:\"Beheer bestanden en mappen op uw website.\";s:2:\"ru\";s:78:\"     .\";s:2:\"sl\";s:38:\"Uredi datoteke in mape na vai strani\";s:2:\"tw\";s:33:\"\";s:2:\"cn\";s:33:\"\";s:2:\"hu\";s:41:\"Fjlok s mappk kezelse az oldalon.\";s:2:\"th\";s:141:\"\";s:2:\"se\";s:45:\"Hanterar filer och mappar fr din webbplats.\";}', '0', '0', '1', 'content', '1', '1', '1', '1388635223');
INSERT INTO `default_modules` VALUES ('9', 'a:24:{s:2:\"en\";s:6:\"Groups\";s:2:\"ar\";s:18:\"\";s:2:\"br\";s:6:\"Grupos\";s:2:\"pt\";s:6:\"Grupos\";s:2:\"cs\";s:7:\"Skupiny\";s:2:\"da\";s:7:\"Grupper\";s:2:\"de\";s:7:\"Gruppen\";s:2:\"el\";s:12:\"\";s:2:\"es\";s:6:\"Grupos\";s:2:\"fa\";s:13:\" \";s:2:\"fi\";s:7:\"Ryhmt\";s:2:\"fr\";s:7:\"Groupes\";s:2:\"he\";s:12:\"\";s:2:\"id\";s:4:\"Grup\";s:2:\"it\";s:6:\"Gruppi\";s:2:\"lt\";s:7:\"Grups\";s:2:\"nl\";s:7:\"Groepen\";s:2:\"ru\";s:12:\"\";s:2:\"sl\";s:7:\"Skupine\";s:2:\"tw\";s:6:\"\";s:2:\"cn\";s:6:\"\";s:2:\"hu\";s:9:\"Csoportok\";s:2:\"th\";s:15:\"\";s:2:\"se\";s:7:\"Grupper\";}', 'groups', '1.0.0', null, 'a:24:{s:2:\"en\";s:54:\"Users can be placed into groups to manage permissions.\";s:2:\"ar\";s:100:\"       .\";s:2:\"br\";s:72:\"Usurios podem ser inseridos em grupos para gerenciar suas permisses.\";s:2:\"pt\";s:74:\"Utilizadores podem ser inseridos em grupos para gerir as suas permisses.\";s:2:\"cs\";s:77:\"Uivatel mohou bt rozazeni do skupin pro lep sprvu oprvnn.\";s:2:\"da\";s:49:\"Brugere kan inddeles i grupper for adgangskontrol\";s:2:\"de\";s:85:\"Benutzer knnen zu Gruppen zusammengefasst werden um diesen Zugriffsrechte zu geben.\";s:2:\"el\";s:168:\"             .\";s:2:\"es\";s:75:\"Los usuarios podrn ser colocados en grupos para administrar sus permisos.\";s:2:\"fa\";s:149:\"               \";s:2:\"fi\";s:84:\"Kyttjt voidaan liitt ryhmiin, jotta kyttoikeuksia voidaan hallinnoida.\";s:2:\"fr\";s:82:\"Les utilisateurs peuvent appartenir  des groupes afin de grer les permissions.\";s:2:\"he\";s:62:\"    \";s:2:\"id\";s:68:\"Pengguna dapat dikelompokkan ke dalam grup untuk mengatur perizinan.\";s:2:\"it\";s:69:\"Gli utenti possono essere inseriti in gruppi per gestirne i permessi.\";s:2:\"lt\";s:67:\"Vartotojai gali bti priskirti grupei tam, kad valdyti j teises.\";s:2:\"nl\";s:73:\"Gebruikers kunnen in groepen geplaatst worden om rechten te kunnen geven.\";s:2:\"ru\";s:134:\"    ,    .\";s:2:\"sl\";s:64:\"Uporabniki so lahko razvreni v skupine za urejanje dovoljenj\";s:2:\"tw\";s:45:\"\";s:2:\"cn\";s:45:\"\";s:2:\"hu\";s:73:\"A felhasznlk csoportokba rendezhetek a jogosultsgok kezelsre.\";s:2:\"th\";s:84:\"\";s:2:\"se\";s:76:\"Anvndare kan delas in i grupper fr att hantera roller och behrigheter.\";}', '0', '0', '1', 'users', '1', '1', '1', '1388635223');
INSERT INTO `default_modules` VALUES ('10', 'a:17:{s:2:\"en\";s:8:\"Keywords\";s:2:\"ar\";s:21:\" \";s:2:\"br\";s:14:\"Palavras-chave\";s:2:\"pt\";s:14:\"Palavras-chave\";s:2:\"da\";s:9:\"Ngleord\";s:2:\"el\";s:27:\" \";s:2:\"fa\";s:21:\" \";s:2:\"fr\";s:10:\"Mots-Cls\";s:2:\"id\";s:10:\"Kata Kunci\";s:2:\"nl\";s:14:\"Sleutelwoorden\";s:2:\"tw\";s:6:\"\";s:2:\"cn\";s:6:\"\";s:2:\"hu\";s:11:\"Kulcsszavak\";s:2:\"fi\";s:10:\"Avainsanat\";s:2:\"sl\";s:15:\"Kljune besede\";s:2:\"th\";s:15:\"\";s:2:\"se\";s:9:\"Nyckelord\";}', 'keywords', '1.1.0', null, 'a:17:{s:2:\"en\";s:71:\"Maintain a central list of keywords to label and organize your content.\";s:2:\"ar\";s:124:\"           .\";s:2:\"br\";s:85:\"Mantm uma lista central de palavras-chave para rotular e organizar o seu contedo.\";s:2:\"pt\";s:85:\"Mantm uma lista central de palavras-chave para rotular e organizar o seu contedo.\";s:2:\"da\";s:72:\"Vedligehold en central liste af ngleord for at organisere dit indhold.\";s:2:\"el\";s:181:\"              .\";s:2:\"fa\";s:110:\"          \";s:2:\"fr\";s:87:\"Maintenir une liste centralise de Mots-Cls pour libeller et organiser vos contenus.\";s:2:\"id\";s:71:\"Memantau daftar kata kunci untuk melabeli dan mengorganisasikan konten.\";s:2:\"nl\";s:91:\"Beheer een centrale lijst van sleutelwoorden om uw content te categoriseren en organiseren.\";s:2:\"tw\";s:64:\"(keywords)\";s:2:\"cn\";s:64:\"(keywords)\";s:2:\"hu\";s:65:\"Ez egy kzponti kulcssz lista a cimkkhez s a tartalmakhoz.\";s:2:\"fi\";s:92:\"Hallinnoi keskitetty listaa avainsanoista merkitksesi ja jrjestellksesi sislt.\";s:2:\"sl\";s:82:\"Vzdruj centralni seznam kljunih besed za oznaevanje in ogranizacijo vsebine.\";s:2:\"th\";s:189:\"\";s:2:\"se\";s:61:\"Hantera nyckelord fr att organisera webbplatsens innehll.\";}', '0', '0', '1', 'data', '1', '1', '1', '1388635223');
INSERT INTO `default_modules` VALUES ('11', 'a:15:{s:2:\"en\";s:11:\"Maintenance\";s:2:\"pt\";s:12:\"Manuteno\";s:2:\"ar\";s:14:\"\";s:2:\"el\";s:18:\"\";s:2:\"hu\";s:13:\"Karbantarts\";s:2:\"fa\";s:15:\" \";s:2:\"fi\";s:9:\"Yllpito\";s:2:\"fr\";s:11:\"Maintenance\";s:2:\"id\";s:12:\"Pemeliharaan\";s:2:\"it\";s:12:\"Manutenzione\";s:2:\"se\";s:10:\"Underhll\";s:2:\"sl\";s:12:\"Vzdrevanje\";s:2:\"th\";s:39:\"\";s:2:\"tw\";s:6:\"\";s:2:\"cn\";s:6:\"\";}', 'maintenance', '1.0.0', null, 'a:15:{s:2:\"en\";s:63:\"Manage the site cache and export information from the database.\";s:2:\"pt\";s:68:\"Gerir o cache do seu site e exportar informaes da base de dados.\";s:2:\"ar\";s:81:\"      .\";s:2:\"el\";s:142:\"       .\";s:2:\"id\";s:60:\"Mengatur cache situs dan mengexport informasi dari database.\";s:2:\"it\";s:65:\"Gestisci la cache del sito e esporta le informazioni dal database\";s:2:\"fa\";s:73:\"       \";s:2:\"fr\";s:71:\"Grer le cache du site et exporter les contenus de la base de donnes\";s:2:\"fi\";s:59:\"Hallinoi sivuston vlimuistia ja vie tietoa tietokannasta.\";s:2:\"hu\";s:66:\"Az oldal gyorsttr kezelse s az adatbzis exportlsa.\";s:2:\"se\";s:76:\"Underhll webbplatsens cache och exportera data frn webbplatsens databas.\";s:2:\"sl\";s:69:\"Upravljaj s predpomnilnikom strani (cache) in izvozi podatke iz baze.\";s:2:\"th\";s:150:\"\";s:2:\"tw\";s:45:\"\";s:2:\"cn\";s:45:\"\";}', '0', '0', '1', 'data', '1', '1', '1', '1388635223');
INSERT INTO `default_modules` VALUES ('12', 'a:25:{s:2:\"en\";s:10:\"Navigation\";s:2:\"ar\";s:14:\"\";s:2:\"br\";s:11:\"Navegao\";s:2:\"pt\";s:11:\"Navegao\";s:2:\"cs\";s:8:\"Navigace\";s:2:\"da\";s:10:\"Navigation\";s:2:\"de\";s:10:\"Navigation\";s:2:\"el\";s:16:\"\";s:2:\"es\";s:11:\"Navegacin\";s:2:\"fa\";s:11:\" \";s:2:\"fi\";s:10:\"Navigointi\";s:2:\"fr\";s:10:\"Navigation\";s:2:\"he\";s:10:\"\";s:2:\"id\";s:8:\"Navigasi\";s:2:\"it\";s:11:\"Navigazione\";s:2:\"lt\";s:10:\"Navigacija\";s:2:\"nl\";s:9:\"Navigatie\";s:2:\"pl\";s:9:\"Nawigacja\";s:2:\"ru\";s:18:\"\";s:2:\"sl\";s:10:\"Navigacija\";s:2:\"tw\";s:12:\"\";s:2:\"cn\";s:12:\"\";s:2:\"th\";s:36:\"\";s:2:\"hu\";s:11:\"Navigci\";s:2:\"se\";s:10:\"Navigation\";}', 'navigation', '1.1.0', null, 'a:25:{s:2:\"en\";s:78:\"Manage links on navigation menus and all the navigation groups they belong to.\";s:2:\"ar\";s:85:\"      .\";s:2:\"br\";s:91:\"Gerenciar links do menu de navegao e todos os grupos de navegao pertencentes a ele.\";s:2:\"pt\";s:93:\"Gerir todos os grupos dos menus de navegao e os links de navegao pertencentes a eles.\";s:2:\"cs\";s:73:\"Sprva odkaz v navigaci a vech souvisejcch naviganch skupin.\";s:2:\"da\";s:82:\"Hndtr links p navigationsmenuerne og alle navigationsgrupperne de tilhrer.\";s:2:\"de\";s:76:\"Verwalte Links in Navigationsmens und alle zugehrigen Navigationsgruppen\";s:2:\"el\";s:207:\"              .\";s:2:\"es\";s:102:\"Administra links en los mens de navegacin y en todos los grupos de navegacin al cual pertenecen.\";s:2:\"fa\";s:68:\"        \";s:2:\"fi\";s:91:\"Hallitse linkkej navigointi valikoissa ja kaikkia navigointi ryhmi, joihin ne kuuluvat.\";s:2:\"fr\";s:97:\"Grer les liens du menu Navigation et tous les groupes de navigation auxquels ils appartiennent.\";s:2:\"he\";s:73:\"     \";s:2:\"id\";s:73:\"Mengatur tautan pada menu navigasi dan semua pengelompokan grup navigasi.\";s:2:\"it\";s:97:\"Gestisci i collegamenti dei menu di navigazione e tutti i gruppi di navigazione da cui dipendono.\";s:2:\"lt\";s:95:\"Tvarkyk nuorodas navigacij meni ir visas navigacij grupes kurioms tos nuorodos priklauso.\";s:2:\"nl\";s:92:\"Beheer koppelingen op de navigatiemenu&apos;s en alle navigatiegroepen waar ze onder vallen.\";s:2:\"pl\";s:95:\"Zarzdzaj linkami w menu nawigacji oraz wszystkimi grupami nawigacji do ktrych one nale.\";s:2:\"ru\";s:136:\"      ,    .\";s:2:\"sl\";s:64:\"Uredi povezave v meniju in vse skupine povezav ki jim pripadajo.\";s:2:\"tw\";s:72:\"\";s:2:\"cn\";s:72:\"\";s:2:\"th\";s:108:\"\";s:2:\"se\";s:33:\"Hantera lnkar och lnkgrupper.\";s:2:\"hu\";s:100:\"Linkek kezelse a navigcis menkben s a navigcis csoportok kezelse, amikhez tartoznak.\";}', '0', '0', '1', 'structure', '1', '1', '1', '1388635223');
INSERT INTO `default_modules` VALUES ('13', 'a:25:{s:2:\"en\";s:5:\"Pages\";s:2:\"ar\";s:14:\"\";s:2:\"br\";s:8:\"Pginas\";s:2:\"pt\";s:8:\"Pginas\";s:2:\"cs\";s:8:\"Strnky\";s:2:\"da\";s:5:\"Sider\";s:2:\"de\";s:6:\"Seiten\";s:2:\"el\";s:14:\"\";s:2:\"es\";s:8:\"Pginas\";s:2:\"fa\";s:14:\"  \";s:2:\"fi\";s:5:\"Sivut\";s:2:\"fr\";s:5:\"Pages\";s:2:\"he\";s:8:\"\";s:2:\"id\";s:7:\"Halaman\";s:2:\"it\";s:6:\"Pagine\";s:2:\"lt\";s:9:\"Puslapiai\";s:2:\"nl\";s:13:\"Pagina&apos;s\";s:2:\"pl\";s:6:\"Strony\";s:2:\"ru\";s:16:\"\";s:2:\"sl\";s:6:\"Strani\";s:2:\"tw\";s:6:\"\";s:2:\"cn\";s:6:\"\";s:2:\"hu\";s:7:\"Oldalak\";s:2:\"th\";s:21:\"\";s:2:\"se\";s:5:\"Sidor\";}', 'pages', '2.2.0', null, 'a:25:{s:2:\"en\";s:55:\"Add custom pages to the site with any content you want.\";s:2:\"ar\";s:99:\"        .\";s:2:\"br\";s:82:\"Adicionar pginas personalizadas ao site com qualquer contedo que voc queira.\";s:2:\"pt\";s:86:\"Adicionar pginas personalizadas ao seu site com qualquer contedo que voc queira.\";s:2:\"cs\";s:74:\"Pidvejte vlastn strnky na web s jakmkoliv obsahem budete chtt.\";s:2:\"da\";s:71:\"Tilfj brugerdefinerede sider til dit site med det indhold du nsker.\";s:2:\"de\";s:49:\"Fge eigene Seiten mit anpassbaren Inhalt hinzu.\";s:2:\"el\";s:152:\"        ,  .\";s:2:\"es\";s:77:\"Agrega pginas customizadas al sitio con cualquier contenido que tu quieras.\";s:2:\"fa\";s:96:\"          \";s:2:\"fi\";s:47:\"Lis mit tahansa sislt sivustollesi.\";s:2:\"fr\";s:89:\"Permet d\'ajouter sur le site des pages personalises avec le contenu que vous souhaitez.\";s:2:\"he\";s:35:\"   \";s:2:\"id\";s:75:\"Menambahkan halaman ke dalam situs dengan konten apapun yang Anda perlukan.\";s:2:\"it\";s:73:\"Aggiungi pagine personalizzate al sito con qualsiesi contenuto tu voglia.\";s:2:\"lt\";s:46:\"Pridkite nuosavus puslapius betkokio turinio\";s:2:\"nl\";s:70:\"Voeg aangepaste pagina&apos;s met willekeurige inhoud aan de site toe.\";s:2:\"pl\";s:53:\"Dodaj wasne strony z dowoln treci do witryny.\";s:2:\"ru\";s:134:\"   ,   .\";s:2:\"sl\";s:44:\"Dodaj stran s kakrno koli vsebino elite.\";s:2:\"tw\";s:39:\"\";s:2:\"cn\";s:39:\"\";s:2:\"th\";s:168:\"\";s:2:\"hu\";s:67:\"Sajt oldalak hozzadsa a weboldalhoz, akrmilyen tartalommal.\";s:2:\"se\";s:39:\"Lgg till egna sidor till webbplatsen.\";}', '1', '1', '1', 'content', '1', '1', '1', '1388635223');
INSERT INTO `default_modules` VALUES ('14', 'a:25:{s:2:\"en\";s:11:\"Permissions\";s:2:\"ar\";s:18:\"\";s:2:\"br\";s:11:\"Permisses\";s:2:\"pt\";s:11:\"Permisses\";s:2:\"cs\";s:12:\"Oprvnn\";s:2:\"da\";s:14:\"Adgangskontrol\";s:2:\"de\";s:14:\"Zugriffsrechte\";s:2:\"el\";s:20:\"\";s:2:\"es\";s:8:\"Permisos\";s:2:\"fa\";s:15:\" \";s:2:\"fi\";s:16:\"Kyttoikeudet\";s:2:\"fr\";s:11:\"Permissions\";s:2:\"he\";s:12:\"\";s:2:\"id\";s:9:\"Perizinan\";s:2:\"it\";s:8:\"Permessi\";s:2:\"lt\";s:7:\"Teiss\";s:2:\"nl\";s:15:\"Toegangsrechten\";s:2:\"pl\";s:11:\"Uprawnienia\";s:2:\"ru\";s:25:\" \";s:2:\"sl\";s:10:\"Dovoljenja\";s:2:\"tw\";s:6:\"\";s:2:\"cn\";s:6:\"\";s:2:\"hu\";s:14:\"Jogosultsgok\";s:2:\"th\";s:18:\"\";s:2:\"se\";s:13:\"Behrigheter\";}', 'permissions', '1.0.0', null, 'a:25:{s:2:\"en\";s:68:\"Control what type of users can see certain sections within the site.\";s:2:\"ar\";s:127:\"        .\";s:2:\"br\";s:68:\"Controle quais tipos de usurios podem ver certas sees no site.\";s:2:\"pt\";s:75:\"Controle quais os tipos de utilizadores podem ver certas seces no site.\";s:2:\"cs\";s:93:\"Spravujte oprvnn pro jednotliv typy uivatel a ke kterm sekcm maj pstup.\";s:2:\"da\";s:72:\"Kontroller hvilken type brugere der kan se bestemte sektioner p sitet.\";s:2:\"de\";s:70:\"Regelt welche Art von Benutzer welche Sektion in der Seite sehen kann.\";s:2:\"el\";s:180:\"             .\";s:2:\"es\";s:81:\"Controla que tipo de usuarios pueden ver secciones especficas dentro del sitio.\";s:2:\"fa\";s:59:\"     \";s:2:\"fi\";s:72:\"Hallitse mink tyyppisiin osioihin kyttjt psevt sivustolla.\";s:2:\"fr\";s:104:\"Permet de dfinir les autorisations des groupes d\'utilisateurs pour afficher les diffrentes sections.\";s:2:\"he\";s:75:\"     \";s:2:\"id\";s:76:\"Mengontrol tipe pengguna mana yang dapat mengakses suatu bagian dalam situs.\";s:2:\"it\";s:78:\"Controlla che tipo di utenti posssono accedere a determinate sezioni del sito.\";s:2:\"lt\";s:72:\"Kontroliuokite kokio tipo varotojai koki dal puslapio gali pasiekti.\";s:2:\"nl\";s:71:\"Bepaal welke typen gebruikers toegang hebben tot gedeeltes van de site.\";s:2:\"pl\";s:79:\"Ustaw, ktrzy uytkownicy mog mie dostp do odpowiednich sekcji witryny.\";s:2:\"ru\";s:209:\"  ,         .\";s:2:\"sl\";s:85:\"Uredite dovoljenja kateri tip uporabnika lahko vidi doloena podroja vae strani.\";s:2:\"tw\";s:81:\"\";s:2:\"cn\";s:81:\"\";s:2:\"hu\";s:129:\"A felhasznlk felgyelet alatt tartsra, hogy milyen tpus felhasznlk, mit lthatnak, mely szakaszain az oldalnak.\";s:2:\"th\";s:117:\"\";s:2:\"se\";s:27:\"Hantera gruppbehrigheter.\";}', '0', '0', '1', 'users', '1', '1', '1', '1388635223');
INSERT INTO `default_modules` VALUES ('15', 'a:24:{s:2:\"en\";s:9:\"Redirects\";s:2:\"ar\";s:18:\"\";s:2:\"br\";s:17:\"Redirecionamentos\";s:2:\"pt\";s:17:\"Redirecionamentos\";s:2:\"cs\";s:16:\"Pesmrovn\";s:2:\"da\";s:13:\"Omadressering\";s:2:\"el\";s:30:\"\";s:2:\"es\";s:13:\"Redirecciones\";s:2:\"fa\";s:17:\" \";s:2:\"fi\";s:18:\"Uudelleenohjaukset\";s:2:\"fr\";s:12:\"Redirections\";s:2:\"he\";s:12:\"\";s:2:\"id\";s:8:\"Redirect\";s:2:\"it\";s:11:\"Reindirizzi\";s:2:\"lt\";s:14:\"Peradresavimai\";s:2:\"nl\";s:12:\"Verwijzingen\";s:2:\"ru\";s:30:\"\";s:2:\"sl\";s:12:\"Preusmeritve\";s:2:\"tw\";s:6:\"\";s:2:\"cn\";s:6:\"\";s:2:\"hu\";s:17:\"tirnytsok\";s:2:\"pl\";s:14:\"Przekierowania\";s:2:\"th\";s:42:\"\";s:2:\"se\";s:14:\"Omdirigeringar\";}', 'redirects', '1.0.0', null, 'a:24:{s:2:\"en\";s:33:\"Redirect from one URL to another.\";s:2:\"ar\";s:47:\"   URL  .\";s:2:\"br\";s:39:\"Redirecionamento de uma URL para outra.\";s:2:\"pt\";s:40:\"Redirecionamentos de uma URL para outra.\";s:2:\"cs\";s:43:\"Pesmrujte z jedn adresy URL na jinou.\";s:2:\"da\";s:35:\"Omadresser fra en URL til en anden.\";s:2:\"el\";s:81:\"   URL   \";s:2:\"es\";s:34:\"Redireccionar desde una URL a otra\";s:2:\"fa\";s:63:\"       \";s:2:\"fi\";s:45:\"Uudelleenohjaa kyttjn paikasta toiseen.\";s:2:\"fr\";s:34:\"Redirection d\'une URL  un autre.\";s:2:\"he\";s:43:\"   \";s:2:\"id\";s:40:\"Redirect dari satu URL ke URL yang lain.\";s:2:\"it\";s:35:\"Reindirizza da una URL ad un altra.\";s:2:\"lt\";s:56:\"Peradresuokite puslap i vieno adreso (URL)  kit.\";s:2:\"nl\";s:38:\"Verwijs vanaf een URL naar een andere.\";s:2:\"ru\";s:78:\"     .\";s:2:\"sl\";s:44:\"Preusmeritev iz enega URL naslova na drugega\";s:2:\"tw\";s:33:\"\";s:2:\"cn\";s:33:\"\";s:2:\"hu\";s:38:\"Egy URL tirnytsa egy msikra.\";s:2:\"pl\";s:44:\"Przekierowanie z jednego adresu URL na inny.\";s:2:\"th\";s:123:\"\";s:2:\"se\";s:38:\"Omdirigera frn en URL till en annan.\";}', '0', '0', '1', 'structure', '1', '1', '1', '1388635223');
INSERT INTO `default_modules` VALUES ('16', 'a:9:{s:2:\"en\";s:6:\"Search\";s:2:\"fr\";s:9:\"Recherche\";s:2:\"se\";s:4:\"Sk\";s:2:\"ar\";s:10:\"\";s:2:\"tw\";s:6:\"\";s:2:\"cn\";s:6:\"\";s:2:\"it\";s:7:\"Ricerca\";s:2:\"fa\";s:10:\"\";s:2:\"fi\";s:4:\"Etsi\";}', 'search', '1.0.0', null, 'a:9:{s:2:\"en\";s:72:\"Search through various types of content with this modular search system.\";s:2:\"fr\";s:84:\"Rechercher parmi diffrents types de contenus avec systme de recherche modulaire.\";s:2:\"se\";s:36:\"Sk igenom olika typer av innehll\";s:2:\"ar\";s:102:\"         .\";s:2:\"tw\";s:63:\"\";s:2:\"cn\";s:63:\"\";s:2:\"it\";s:71:\"Cerca tra diversi tipi di contenuti con il sistema di reicerca modulare\";s:2:\"fa\";s:115:\"          .\";s:2:\"fi\";s:76:\"Etsi eri tyypist sislt tll modulaarisella hakujrjestelmll.\";}', '0', '0', '0', '0', '1', '1', '1', '1388635223');
INSERT INTO `default_modules` VALUES ('17', 'a:20:{s:2:\"en\";s:7:\"Sitemap\";s:2:\"ar\";s:23:\" \";s:2:\"br\";s:12:\"Mapa do Site\";s:2:\"pt\";s:12:\"Mapa do Site\";s:2:\"de\";s:7:\"Sitemap\";s:2:\"el\";s:31:\" \";s:2:\"es\";s:14:\"Mapa del Sitio\";s:2:\"fa\";s:17:\" \";s:2:\"fi\";s:10:\"Sivukartta\";s:2:\"fr\";s:12:\"Plan du site\";s:2:\"id\";s:10:\"Peta Situs\";s:2:\"it\";s:14:\"Mappa del sito\";s:2:\"lt\";s:16:\"Svetains medis\";s:2:\"nl\";s:7:\"Sitemap\";s:2:\"ru\";s:21:\" \";s:2:\"tw\";s:12:\"\";s:2:\"cn\";s:12:\"\";s:2:\"th\";s:21:\"\";s:2:\"hu\";s:13:\"Oldaltrkp\";s:2:\"se\";s:9:\"Sajtkarta\";}', 'sitemap', '1.3.0', null, 'a:21:{s:2:\"en\";s:87:\"The sitemap module creates an index of all pages and an XML sitemap for search engines.\";s:2:\"ar\";s:120:\"        XML  .\";s:2:\"br\";s:102:\"O mdulo de mapa do site cria um ndice de todas as pginas e um sitemap XML para motores de busca.\";s:2:\"pt\";s:102:\"O mdulo do mapa do site cria um ndice de todas as pginas e um sitemap XML para motores de busca.\";s:2:\"da\";s:86:\"Sitemapmodulet opretter et indeks over alle sider og et XML sitemap til sgemaskiner.\";s:2:\"de\";s:92:\"Die Sitemap Modul erstellt einen Index aller Seiten und eine XML-Sitemap fr Suchmaschinen.\";s:2:\"el\";s:190:\"            XML    .\";s:2:\"es\";s:111:\"El mdulo de mapa crea un ndice de todas las pginas y un mapa del sitio XML para los motores de bsqueda.\";s:2:\"fa\";s:150:\"             XML      \";s:2:\"fi\";s:82:\"sivukartta moduuli luo hakemisto kaikista sivuista ja XML sivukartta hakukoneille.\";s:2:\"fr\";s:106:\"Le module sitemap cre un index de toutes les pages et un plan de site XML pour les moteurs de recherche.\";s:2:\"id\";s:110:\"Modul peta situs ini membuat indeks dari setiap halaman dan sebuah format XML untuk mempermudah mesin pencari.\";s:2:\"it\";s:104:\"Il modulo mappa del sito crea un indice di tutte le pagine e una sitemap in XML per i motori di ricerca.\";s:2:\"lt\";s:86:\"struktra modulis sukuria vis puslapi ir XML Sitemap paiekos sistem indeksas.\";s:2:\"nl\";s:89:\"De sitemap module maakt een index van alle pagina\'s en een XML sitemap voor zoekmachines.\";s:2:\"ru\";s:144:\"         XML   .\";s:2:\"tw\";s:84:\"XML\";s:2:\"cn\";s:84:\"XML\";s:2:\"th\";s:202:\".\";s:2:\"hu\";s:94:\"Ez a modul indexeli az sszes oldalt s egy XML oldaltkpet generl a keresmotoroknak.\";s:2:\"se\";s:86:\"Sajtkarta, modulen skapar ett index av alla sidor och en XML-sitemap fr skmotorer.\";}', '0', '1', '0', 'content', '1', '1', '1', '1388635223');
INSERT INTO `default_modules` VALUES ('18', 'a:25:{s:2:\"en\";s:5:\"Users\";s:2:\"ar\";s:20:\"\";s:2:\"br\";s:9:\"Usurios\";s:2:\"pt\";s:12:\"Utilizadores\";s:2:\"cs\";s:11:\"Uivatel\";s:2:\"da\";s:7:\"Brugere\";s:2:\"de\";s:8:\"Benutzer\";s:2:\"el\";s:14:\"\";s:2:\"es\";s:8:\"Usuarios\";s:2:\"fa\";s:14:\"\";s:2:\"fi\";s:12:\"Kyttjt\";s:2:\"fr\";s:12:\"Utilisateurs\";s:2:\"he\";s:14:\"\";s:2:\"id\";s:8:\"Pengguna\";s:2:\"it\";s:6:\"Utenti\";s:2:\"lt\";s:10:\"Vartotojai\";s:2:\"nl\";s:10:\"Gebruikers\";s:2:\"pl\";s:12:\"Uytkownicy\";s:2:\"ru\";s:24:\"\";s:2:\"sl\";s:10:\"Uporabniki\";s:2:\"tw\";s:6:\"\";s:2:\"cn\";s:6:\"\";s:2:\"hu\";s:14:\"Felhasznlk\";s:2:\"th\";s:27:\"\";s:2:\"se\";s:10:\"Anvndare\";}', 'users', '1.1.0', null, 'a:25:{s:2:\"en\";s:81:\"Let users register and log in to the site, and manage them via the control panel.\";s:2:\"ar\";s:133:\"          .\";s:2:\"br\";s:125:\"Permite com que usurios se registrem e entrem no site e tambm que eles sejam gerenciveis apartir do painel de controle.\";s:2:\"pt\";s:125:\"Permite com que os utilizadores se registem e entrem no site e tambm que eles sejam geriveis apartir do painel de controlo.\";s:2:\"cs\";s:103:\"Umouje uivatelm se registrovat a pihlaovat a zrove jejich sprvu v Kontrolnm panelu.\";s:2:\"da\";s:89:\"Lader brugere registrere sig og logge ind p sitet, og hndtr dem via kontrolpanelet.\";s:2:\"de\";s:108:\"Erlaube Benutzern das Registrieren und Einloggen auf der Seite und verwalte sie ber die Admin-Oberflche.\";s:2:\"el\";s:208:\"      .        .\";s:2:\"es\";s:138:\"Permite el registro de nuevos usuarios quienes podrn loguearse en el sitio. Estos podrn controlarse desde el panel de administracin.\";s:2:\"fa\";s:151:\"                   \";s:2:\"fi\";s:126:\"Antaa kyttjien rekisterity ja kirjautua sisn sivustolle sek mahdollistaa niiden muokkaamisen hallintapaneelista.\";s:2:\"fr\";s:112:\"Permet aux utilisateurs de s\'enregistrer et de se connecter au site et de les grer via le panneau de contrle\";s:2:\"he\";s:62:\" : ,  \";s:2:\"id\";s:102:\"Memungkinkan pengguna untuk mendaftar dan masuk ke dalam situs, dan mengaturnya melalui control panel.\";s:2:\"it\";s:95:\"Fai iscrivere de entrare nel sito gli utenti, e gestiscili attraverso il pannello di controllo.\";s:2:\"lt\";s:106:\"Leidia vartotojams registruotis ir prisijungti prie puslapio, ir valdyti juos per administravimo panele.\";s:2:\"nl\";s:88:\"Laat gebruikers registreren en inloggen op de site, en beheer ze via het controlepaneel.\";s:2:\"pl\";s:87:\"Pozwl uytkownikom na logowanie si na stronie i zarzdzaj nimi za pomoc panelu.\";s:2:\"ru\";s:155:\"  ,   .\";s:2:\"sl\";s:96:\"Dovoli uporabnikom za registracijo in prijavo na strani, urejanje le teh preko nadzorne ploe\";s:2:\"tw\";s:87:\"\";s:2:\"cn\";s:87:\"\";s:2:\"th\";s:210:\"\";s:2:\"hu\";s:120:\"Hogy a felhasznlk tudjanak az oldalra regisztrlni s belpni, valamint lehessen ket kezelni a vezrlpulton.\";s:2:\"se\";s:111:\"Lt dina beskare registrera sig och logga in p webbplatsen. Hantera sedan anvndarna via kontrollpanelen.\";}', '0', '0', '1', '0', '1', '1', '1', '1388635223');
INSERT INTO `default_modules` VALUES ('19', 'a:25:{s:2:\"en\";s:9:\"Variables\";s:2:\"ar\";s:20:\"\";s:2:\"br\";s:10:\"Variveis\";s:2:\"pt\";s:10:\"Variveis\";s:2:\"cs\";s:10:\"Promnn\";s:2:\"da\";s:8:\"Variable\";s:2:\"de\";s:9:\"Variablen\";s:2:\"el\";s:20:\"\";s:2:\"es\";s:9:\"Variables\";s:2:\"fa\";s:16:\"\";s:2:\"fi\";s:9:\"Muuttujat\";s:2:\"fr\";s:9:\"Variables\";s:2:\"he\";s:12:\"\";s:2:\"id\";s:8:\"Variabel\";s:2:\"it\";s:9:\"Variabili\";s:2:\"lt\";s:10:\"Kintamieji\";s:2:\"nl\";s:10:\"Variabelen\";s:2:\"pl\";s:7:\"Zmienne\";s:2:\"ru\";s:20:\"\";s:2:\"sl\";s:13:\"Spremenljivke\";s:2:\"tw\";s:12:\"\";s:2:\"cn\";s:12:\"\";s:2:\"th\";s:18:\"\";s:2:\"se\";s:9:\"Variabler\";s:2:\"hu\";s:10:\"Vltozk\";}', 'variables', '1.0.0', null, 'a:25:{s:2:\"en\";s:59:\"Manage global variables that can be accessed from anywhere.\";s:2:\"ar\";s:97:\"      .\";s:2:\"br\";s:61:\"Gerencia as variveis globais acessveis de qualquer lugar.\";s:2:\"pt\";s:58:\"Gerir as variveis globais acessveis de qualquer lugar.\";s:2:\"cs\";s:56:\"Spravujte globln promnn pstupn odkudkoliv.\";s:2:\"da\";s:51:\"Hndtr globale variable som kan tilgs overalt.\";s:2:\"de\";s:74:\"Verwaltet globale Variablen, auf die von berall zugegriffen werden kann.\";s:2:\"el\";s:129:\"        .\";s:2:\"es\";s:50:\"Manage global variables to access from everywhere.\";s:2:\"fa\";s:136:\"              \";s:2:\"fi\";s:66:\"Hallitse globaali muuttujia, joihin psee ksiksi mist vain.\";s:2:\"fr\";s:92:\"Grer des variables globales pour pouvoir y accder depuis n\'importe quel endroit du site.\";s:2:\"he\";s:96:\"        \";s:2:\"id\";s:59:\"Mengatur variabel global yang dapat diakses dari mana saja.\";s:2:\"it\";s:58:\"Gestisci le variabili globali per accedervi da ogni parte.\";s:2:\"lt\";s:64:\"Globali kintamuj tvarkymas kurie yra pasiekiami i bet kur.\";s:2:\"nl\";s:54:\"Beheer globale variabelen die overal beschikbaar zijn.\";s:2:\"pl\";s:86:\"Zarzdzaj globalnymi zmiennymi do ktrych masz dostp z kadego miejsca aplikacji.\";s:2:\"ru\";s:136:\"  ,      .\";s:2:\"sl\";s:53:\"Urejanje globalnih spremenljivk za dostop od kjerkoli\";s:2:\"th\";s:148:\".\";s:2:\"tw\";s:45:\"\";s:2:\"cn\";s:45:\"\";s:2:\"hu\";s:62:\"Globlis vltozk kezelse a hozzfrshez, brhonnan.\";s:2:\"se\";s:66:\"Hantera globala variabler som kan avndas ver hela webbplatsen.\";}', '0', '0', '1', 'data', '1', '1', '1', '1388635223');
INSERT INTO `default_modules` VALUES ('20', 'a:23:{s:2:\"en\";s:7:\"Widgets\";s:2:\"br\";s:7:\"Widgets\";s:2:\"pt\";s:7:\"Widgets\";s:2:\"cs\";s:7:\"Widgety\";s:2:\"da\";s:7:\"Widgets\";s:2:\"de\";s:7:\"Widgets\";s:2:\"el\";s:7:\"Widgets\";s:2:\"es\";s:7:\"Widgets\";s:2:\"fa\";s:13:\" \";s:2:\"fi\";s:9:\"Vimpaimet\";s:2:\"fr\";s:7:\"Widgets\";s:2:\"id\";s:6:\"Widget\";s:2:\"it\";s:7:\"Widgets\";s:2:\"lt\";s:11:\"Papildiniai\";s:2:\"nl\";s:7:\"Widgets\";s:2:\"ru\";s:14:\"\";s:2:\"sl\";s:9:\"Vtiniki\";s:2:\"tw\";s:9:\"\";s:2:\"cn\";s:9:\"\";s:2:\"hu\";s:9:\"Widget-ek\";s:2:\"th\";s:21:\"\";s:2:\"se\";s:8:\"Widgetar\";s:2:\"ar\";s:14:\"\";}', 'widgets', '1.2.0', null, 'a:23:{s:2:\"en\";s:69:\"Manage small sections of self-contained logic in blocks or \"Widgets\".\";s:2:\"ar\";s:132:\"           \"\".\";s:2:\"br\";s:77:\"Gerenciar pequenas sees de contedos em bloco conhecidos como \"Widgets\".\";s:2:\"pt\";s:74:\"Gerir pequenas seces de contedos em bloco conhecidos como \"Widgets\".\";s:2:\"cs\";s:56:\"Spravujte mal funkn sti webu neboli \"Widgety\".\";s:2:\"da\";s:74:\"Hndter sm sektioner af selv-opretholdt logik i blokke eller \"Widgets\".\";s:2:\"de\";s:62:\"Verwaltet kleine, eigentstndige Bereiche, genannt \"Widgets\".\";s:2:\"el\";s:149:\"         \"Widgets\".\";s:2:\"es\";s:75:\"Manejar pequeas secciones de lgica autocontenida en bloques o \"Widgets\"\";s:2:\"fa\";s:76:\"        \";s:2:\"fi\";s:81:\"Hallitse pieni osioita, jotka sisltvt erillisi lohkoja tai \"Vimpaimia\".\";s:2:\"fr\";s:41:\"Grer des mini application ou \"Widgets\".\";s:2:\"id\";s:101:\"Mengatur bagian-bagian kecil dari blok-blok yang memuat sesuatu atau dikenal dengan istilah \"Widget\".\";s:2:\"it\";s:70:\"Gestisci piccole sezioni di logica a se stante in blocchi o \"Widgets\".\";s:2:\"lt\";s:43:\"Nedideli, savarankik blok valdymas.\";s:2:\"nl\";s:75:\"Beheer kleine onderdelen die zelfstandige logica bevatten, ofwel \"Widgets\".\";s:2:\"ru\";s:91:\" ,  .\";s:2:\"sl\";s:61:\"Urejanje manjih delov blokov strani ti. Vtiniki (Widgets)\";s:2:\"tw\";s:103:\" \"Widgets\"\";s:2:\"cn\";s:103:\" \"Widgets\"\";s:2:\"hu\";s:56:\"nll kis logikai tmbk vagy widget-ek kezelse.\";s:2:\"th\";s:152:\"  \";s:2:\"se\";s:83:\"Hantera sm sektioner med egen logik och innehll p olika delar av webbplatsen.\";}', '1', '0', '1', 'content', '1', '1', '1', '1388635223');
INSERT INTO `default_modules` VALUES ('21', 'a:9:{s:2:\"en\";s:7:\"WYSIWYG\";s:2:\"fa\";s:7:\"WYSIWYG\";s:2:\"fr\";s:7:\"WYSIWYG\";s:2:\"pt\";s:7:\"WYSIWYG\";s:2:\"se\";s:15:\"HTML-redigerare\";s:2:\"tw\";s:7:\"WYSIWYG\";s:2:\"cn\";s:7:\"WYSIWYG\";s:2:\"ar\";s:27:\" \";s:2:\"it\";s:7:\"WYSIWYG\";}', 'wysiwyg', '1.0.0', null, 'a:10:{s:2:\"en\";s:60:\"Provides the WYSIWYG editor for PyroCMS powered by CKEditor.\";s:2:\"fa\";s:73:\" WYSIWYG  CKEditor   . \";s:2:\"fr\";s:63:\"Fournit un diteur WYSIWYG pour PyroCMS propuls par CKEditor\";s:2:\"pt\";s:61:\"Fornece o editor WYSIWYG para o PyroCMS, powered by CKEditor.\";s:2:\"el\";s:113:\"   WYSIWYG   PyroCMS,   CKEDitor.\";s:2:\"se\";s:37:\"Redigeringsmodul fr HTML, CKEditor.\";s:2:\"tw\";s:83:\" PyroCMS WYSIWYG CKEditor \";s:2:\"cn\";s:83:\" PyroCMS WYSIWYG CKEditor \";s:2:\"ar\";s:76:\"   PyroCMS   CKEditor.\";s:2:\"it\";s:57:\"Fornisce l\'editor WYSIWYG per PtroCMS creato con CKEditor\";}', '0', '0', '0', '0', '1', '1', '1', '1388635223');
INSERT INTO `default_navigation_groups` VALUES ('1', 'Header', 'header');
INSERT INTO `default_navigation_groups` VALUES ('2', 'Sidebar', 'sidebar');
INSERT INTO `default_navigation_groups` VALUES ('3', 'Footer', 'footer');
INSERT INTO `default_navigation_links` VALUES ('1', 'Home', '0', 'page', '1', '', '', '', '1', '0', null, null, '');
INSERT INTO `default_navigation_links` VALUES ('2', 'News', '0', 'uri', '0', '', '', 'news', '1', '5', '', '0', '');
INSERT INTO `default_navigation_links` VALUES ('3', 'Contact', '0', 'page', '2', '', '', '', '1', '4', '', '0', '');
INSERT INTO `default_navigation_links` VALUES ('4', 'About Us', '0', 'uri', '0', '', '', 'about-us', '1', '1', '', '0', '');
INSERT INTO `default_navigation_links` VALUES ('5', 'Corporate', '0', 'uri', '0', '', '', 'corporate/super-metro', '1', '2', '', '0', '');
INSERT INTO `default_navigation_links` VALUES ('6', 'Super Metro', '5', 'uri', '0', '', '', 'corporate/super-metro', '1', '0', '', '0', '');
INSERT INTO `default_navigation_links` VALUES ('7', 'VSAT Links', '5', 'uri', '0', '', '', 'corporate/vsat-links', '1', '1', '', '0', '');
INSERT INTO `default_navigation_links` VALUES ('8', 'Retail', '0', 'uri', '0', '', '', 'retail/homelinks', '1', '3', '', '0', '');
INSERT INTO `default_navigation_links` VALUES ('9', 'Homelinks', '8', 'uri', '0', '', '', 'retail/homelinks', '1', '0', '', '0', '');
INSERT INTO `default_navigation_links` VALUES ('10', 'Coverage', '8', 'uri', '0', '', '', 'retail/coverage', '1', '1', '', '0', '');
INSERT INTO `default_navigation_links` VALUES ('11', 'Wi-Eye Live Monitoring', '8', 'uri', '0', '', '', 'retail/wi-eye', '1', '2', '', '0', '');
INSERT INTO `default_navigation_links` VALUES ('12', 'Produk', '9', 'uri', '0', '', '', 'retail/homelinks', '1', '0', '', '0', '');
INSERT INTO `default_navigation_links` VALUES ('13', 'TV Guide', '9', 'uri', '0', '', '', 'retail/homelinks/tv-guide', '1', '1', '', '0', '');
INSERT INTO `default_navigation_links` VALUES ('14', 'Leased Line/IP VPN', '5', 'uri', '0', '', '', 'corporate/leased-line', '1', '2', '', '0', '');
INSERT INTO `default_navigation_links` VALUES ('15', 'Internet Access', '5', 'uri', '0', '', '', 'corporate/internet-access', '1', '3', '', '0', '');
INSERT INTO `default_navigation_links` VALUES ('16', 'Data Center', '5', 'uri', '0', '', '', 'corporate/data-center', '1', '4', '', '0', '');
INSERT INTO `default_navigation_links` VALUES ('17', 'Telepon', '5', 'uri', '0', '', '', 'corporate/telepon', '1', '5', '', '0', '');
INSERT INTO `default_page_types` VALUES ('1', 'default', 'Default', 'A simple page type with a WYSIWYG editor that will get you started adding content.', '2', '', null, '', '{{ body }}', '', '', 'default.html', '1388979047', 'n', '', '');
INSERT INTO `default_page_types` VALUES ('2', 'retail', 'Retail', 'Retail Page Layout', '4', '', null, '', '{{ retail_body }}', '', '', 'retail.html', '1388974841', 'n', '', '');
INSERT INTO `default_page_types` VALUES ('3', 'corporate', 'Corporate', 'Corporate Page Type', '5', '', null, '', '{{ corp_body }}', '', '', 'corporate.html', '1388974257', 'n', '', '');
INSERT INTO `default_pages` VALUES ('1', 'home', '', 'Home', 'home', '0', '1', '1', '', '', '', '', '0', '0', '', '0', '0', 'live', '1388632237', '1389069003', '0', '1', '1', '2');
INSERT INTO `default_pages` VALUES ('2', 'contact', '', 'Contact', 'contact', '0', '1', '2', null, null, null, '', null, null, null, '0', '0', 'live', '1388632237', '0', '', '0', '1', '3');
INSERT INTO `default_pages` VALUES ('3', 'search', '', 'Search', 'search', '0', '1', '3', null, null, null, '', null, null, null, '0', '0', 'live', '1388632237', '0', '', '0', '1', '4');
INSERT INTO `default_pages` VALUES ('4', 'results', '', 'Results', 'search/results', '3', '1', '4', null, null, null, '', null, null, null, '0', '0', 'live', '1388632237', '0', '', '0', '0', '0');
INSERT INTO `default_pages` VALUES ('5', '404', '', 'Page missing', '404', '0', '1', '5', null, null, null, '', null, null, null, '0', '0', 'live', '1388632237', '0', '', '0', '1', '5');
INSERT INTO `default_pages` VALUES ('6', 'corporate', '', 'Corporate', 'corporate', '0', '1', '6', '', '', '', '', '0', '0', '', '0', '0', 'live', '1388622080', '0', '0', '0', '1', '0');
INSERT INTO `default_pages` VALUES ('7', 'homelinks', '', 'Homelinks', 'retail/homelinks', '8', '2', '1', '', '', '', '', '0', '0', '', '0', '0', 'live', '1388622165', '1389041099', '0', '0', '1', '0');
INSERT INTO `default_pages` VALUES ('8', 'retail', '', 'Retail', 'retail', '0', '1', '8', '', '', '', '', '0', '0', '', '0', '0', 'live', '1388622359', '0', '0', '0', '1', '1');
INSERT INTO `default_pages` VALUES ('9', 'tv-guide', '', 'TV Guide', 'retail/homelinks/tv-guide', '7', '2', '2', '', '', '', '', '0', '0', '', '0', '0', 'live', '1388622462', '0', '0', '0', '1', '0');
INSERT INTO `default_pages` VALUES ('10', 'super-metro', '', 'Super Metro', 'corporate/super-metro', '6', '3', '1', '', '', '', '', '0', '0', '', '0', '0', 'live', '1388622633', '1388973997', '0', '0', '1', '0');
INSERT INTO `default_pages` VALUES ('11', 'vsat-links', '', 'VSAT Links', 'corporate/vsat-links', '6', '3', '2', '', '', '', '', '0', '0', '', '0', '0', 'live', '1388622664', '1388971669', '0', '0', '1', '1');
INSERT INTO `default_pages` VALUES ('12', 'leased-line', '', 'Leased Line/IP VPN', 'corporate/leased-line', '6', '3', '3', '', '', '', '', '0', '0', '', '0', '0', 'live', '1388625529', '1388971683', '0', '0', '1', '2');
INSERT INTO `default_pages` VALUES ('13', 'internet-access', '', 'Internet Access', 'corporate/internet-access', '6', '3', '4', '', '', '', '', '0', '0', '', '0', '0', 'live', '1388625572', '1388971715', '0', '0', '1', '3');
INSERT INTO `default_pages` VALUES ('14', 'data-center', '', 'Data Center', 'corporate/data-center', '6', '3', '5', '', '', '', '', '0', '0', '', '0', '0', 'live', '1388625620', '1388971730', '0', '0', '1', '4');
INSERT INTO `default_pages` VALUES ('15', 'telepon', '', 'Telepon', 'corporate/telepon', '6', '3', '6', '', '', '', '', '0', '0', '', '0', '0', 'live', '1388625654', '1388971743', '0', '0', '1', '5');
INSERT INTO `default_pages` VALUES ('16', 'coverage', '', 'Coverage', 'retail/coverage', '8', '2', '3', '', '', '', '', '0', '0', '', '0', '0', 'live', '1388625833', '1388965536', '0', '0', '1', '1');
INSERT INTO `default_pages` VALUES ('18', 'wi-eye', '', 'Wi-Eye Live Monitoring', 'retail/wi-eye', '8', '2', '4', '', '', '', '', '0', '0', '', '0', '0', 'live', '1388628477', '1388631801', '0', '0', '1', '2');
INSERT INTO `default_pages_corporate` VALUES ('1', '2014-01-02 16:07:57', '2014-01-06 16:06:37', '1', '1', '<p>Looking to the nature of business industry in the last few years, it demands more speed for concluding new deals and transactions. For this reason, we understand that data transmission and up-to-date information are something that cannot be compromised. Super Metro is our answer to respond the challenge. Using high quality fiber optic network, it provides high speed data communication services for corporate and SOHO. We&#39;ve been covering Java, Sumatera, Batam, Bali, Kalimantan, Singapore and Hong Kong, and expanding to other prospective areas for both domestic and international.</p>\r\n\r\n<div style=\"background:#ed1c24; margin:20px 0;\">\r\n<h4 style=\"color:#FFF; font-size:20px; margin:10px 20px; text-shadow:none; padding:0;\">SUPER METRO SERVICES</h4>\r\n\r\n<p style=\" margin:0 20px;  padding:0; text-transform:uppercase; font-weight:bold; color:#FFF; text-shadow:none;\">Broadband Internet - Dedicated Internet - Fiber Optic Leased Line / IP VPN</p>\r\n</div>\r\n\r\n<h4 style=\"padding:0\">BENEFITS</h4>\r\n\r\n<p>Using fiber optic cable network technology which is very RELIABLE, including:</p>\r\n\r\n<ol>\r\n	<li>Network Jump to Tier-1 (Singapore).</li>\r\n	<li>With at least different points and redundant backbone.</li>\r\n	<li>Local Network Metro-E with ring topology.</li>\r\n</ol>\r\n\r\n<p id=\"ack\"><small>This service is in cooperation with Moratelindo</small></p>\r\n');
INSERT INTO `default_pages_corporate` VALUES ('2', '2014-01-02 16:07:57', '2014-01-06 15:27:49', '1', '2', '<!--<p><img src=\"images/corp/vsat-topology.jpg\"/></p>-->\r\n<p>Indonesia is renowned as an archipelago country with thousands of islands. Therefore, there are so many islands still isolated and out of cable network coverage. Very Small Aperture Terminal (VSAT) technology is a perfect solution for corporate located in remote area to communicate with outside world and enjoy all features offered by Internet Access and Leased Line/IP VPN services.</p>\r\n\r\n<h4>BENEFITS</h4>\r\n\r\n<ol>\r\n	<li>Most suitable option for rural area with no cable or terrestrial network.</li>\r\n	<li>Multipurpose: internet &amp; intranet links services.</li>\r\n	<li>Multifunction for data, voice and video applications.</li>\r\n	<li>Wide coverage across Indonesia.</li>\r\n	<li>Very affordable price as needed.</li>\r\n</ol>\r\n\r\n<p id=\"ack\"><small>This service is provided by PT. Indo Pratama Teleglobal</small></p>\r\n');
INSERT INTO `default_pages_corporate` VALUES ('3', '2014-01-02 16:07:57', '2014-01-06 15:28:03', '1', '3', '<p>Leased Line/IP VPN is a secured private channel for corporate that requires stable and reliable network connection among branch offices. It enables corporate to develop its Wide Area Network (WAN) to work more efficiently and effectively for data transmission, voice, video conference and running other applications simultaneously.</p>\r\n<!--<p><img src=\"images/corp/leasedline-topology.jpg\"/></p>-->\r\n\r\n<h4>BENEFITS</h4>\r\n\r\n<ol>\r\n	<li>Simultaneous and versatile traffic for sending data, voice and video (multimedia).</li>\r\n	<li>Wide coverage through a network of fiber optic cable, broadband wireless and VSAT..</li>\r\n	<li>High-encrypted security, using appropriate personal clear channel network.</li>\r\n	<li>Affordable price.</li>\r\n	<li>Responsive technical support services in Jakarta and other cities.</li>\r\n</ol>\r\n\r\n<p id=\"ack\"><small>This service is provided by Moratelindo</small></p>\r\n');
INSERT INTO `default_pages_corporate` VALUES ('4', '2014-01-02 16:07:57', '2014-01-06 15:28:35', '1', '4', '<p>CepatNet offers the advantage of high speed internet access through DEDICATED bandwidth allocation and BROADBAND quality with very competitive price. Supported by multi-redundant links for primary backbone, fiber optic cable network, broadband wireless and VSAT technology, we provide internet services for SOHO and corporate in high rise building, industrial estates and other business districts with reliable performance for any internet purposes, e.g. email, online conference, browsing, etc.</p>\r\n\r\n<h4>BENEFITS</h4>\r\n\r\n<ol>\r\n	<li>Dedicated &amp; Broadband Internet options as needed.</li>\r\n	<li>Direct connection to Tier-1 International Backbone &amp; IIX through multiple fiber optic cable network.</li>\r\n	<li>High reliability with level of SLA 99.5%.</li>\r\n	<li>24/7 responsive customer service.</li>\r\n	<li>Flexible and transparent monitoring by MRTG access.</li>\r\n	<li>Most affordable price in its class.</li>\r\n	<li>Various managed service (bandwidth management, load balancing, firewall, proxy, MRTG ).</li>\r\n</ol>\r\n\r\n<p id=\"ack\"><small>This service is in cooperation with Moratelindo</small></p>\r\n');
INSERT INTO `default_pages_corporate` VALUES ('5', '2014-01-02 16:07:57', '2014-01-06 15:28:50', '1', '5', '<!--<p class=\"left\"><img src=\"images/corp/server.jpg\"/></p>-->\r\n<p>CepatNet data center collocation offers customers a unique combination of both carrier neutrality and our own international backbone network. This empowers data network and collocation simultaneously. CepatNet state-of-the-art data center equipped with stable cooling system, reliable fire suppression system, and high-efficiency power architecture is backed up by minimum three-day fuel supply diesel generators. Our total commitment is to be a valuable, efficient and reliable collocation solution.</p>\r\n\r\n<h4>BENEFITS</h4>\r\n\r\n<ol>\r\n	<li>Highly secured, low temperature, and powered up storage environment.</li>\r\n	<li>Customized and flexible private cages.</li>\r\n	<li>Redundant UPS power, backed up by batteries and emergency generators.</li>\r\n	<li>Uses the FM-200 Fire Suppression System in accordance with the National Fire Protection Association (NFPA) Standard 200.</li>\r\n	<li>24/7 entry access with high level security.</li>\r\n</ol>\r\n\r\n<p id=\"ack\"><small>This service is in cooperation with Moratelindo</small></p>\r\n');
INSERT INTO `default_pages_corporate` VALUES ('6', '2014-01-02 16:07:57', '2014-01-06 15:29:03', '1', '6', '<h4>BENEFITS</h4>\r\n\r\n<ol>\r\n	<li>Fix IP Phone services:</li>\r\n	<li>Collaborate with advance telecommunication provider.</li>\r\n	<li>Voice and conversation delivered with crystal clear quality through IP network.</li>\r\n	<li>Local and long distance (SLJJ) free call between same dial prefix number.</li>\r\n	<li>Competitive and affordable price for long distance (SLJJ) and IDD call compare to other providers.</li>\r\n</ol>\r\n\r\n<p id=\"ack\"><small>This service is in cooperation with Smartfren</small></p>\r\n');
INSERT INTO `default_pages_retail` VALUES ('1', '2014-01-02 16:07:57', '2014-01-07 10:44:59', '1', '1', '<img src=\"http://www.cepat.net.id/images/taman-kehidupan.jpg\" />\r\n<div class=\"clearfix\" style=\"background:#FFF; padding:30px 10px; margin:0;\"><iframe allowfullscreen=\"\" frameborder=\"0\" height=\"410\" src=\"http://www.youtube.com/embed/K2lWuznfR1M\" style=\"float:left;\" width=\"560\"></iframe><img alt=\"\" class=\"pyro-image alignment-left\" data-pyroimage=\"true\" src=\"{{ url:site }}files/large/46240458a38dc92\" style=\"width:auto; float:left; margin:0\" /></div>\r\n');
INSERT INTO `default_pages_retail` VALUES ('2', '2014-01-02 16:07:57', '2014-01-02 17:03:21', '1', '2', 'TV Guide Page');
INSERT INTO `default_pages_retail` VALUES ('3', '2014-01-02 16:07:57', '2014-01-06 13:45:36', '1', '3', '<img src=\"http://www.cepat.net.id/images/coverage-area.jpg\" />');
INSERT INTO `default_pages_retail` VALUES ('4', '2014-01-02 16:07:57', null, '1', '4', 'Wi Eye Page');
INSERT INTO `default_profiles` VALUES ('1', null, null, null, null, '1', 'Adriant Rivano', 'Adriant', 'Rivano', '', 'en', null, null, null, null, null, null, null, null, null, null, null);
INSERT INTO `default_search_index` VALUES ('96', 'Home', '', null, null, 'pages', 'pages:page', 'pages:pages', '1', 'home', 'admin/pages/edit/1', 'admin/pages/delete/1');
INSERT INTO `default_search_index` VALUES ('2', 'Contact', '', null, null, 'pages', 'pages:page', 'pages:pages', '2', 'contact', 'admin/pages/edit/2', 'admin/pages/delete/2');
INSERT INTO `default_search_index` VALUES ('3', 'Search', '', null, null, 'pages', 'pages:page', 'pages:pages', '3', 'search', 'admin/pages/edit/3', 'admin/pages/delete/3');
INSERT INTO `default_search_index` VALUES ('4', 'Results', '', null, null, 'pages', 'pages:page', 'pages:pages', '4', 'search/results', 'admin/pages/edit/4', 'admin/pages/delete/4');
INSERT INTO `default_search_index` VALUES ('5', 'Page missing', '', null, null, 'pages', 'pages:page', 'pages:pages', '5', '404', 'admin/pages/edit/5', 'admin/pages/delete/5');
INSERT INTO `default_search_index` VALUES ('79', 'Homelinks', '', null, null, 'pages', 'pages:page', 'pages:pages', '7', 'retail/homelinks', 'admin/pages/edit/7', 'admin/pages/delete/7');
INSERT INTO `default_search_index` VALUES ('9', 'Retail', '', null, null, 'pages', 'pages:page', 'pages:pages', '8', 'retail', 'admin/pages/edit/8', 'admin/pages/delete/8');
INSERT INTO `default_search_index` VALUES ('10', 'TV Guide', '', null, null, 'pages', 'pages:page', 'pages:pages', '9', 'tv-guide', 'admin/pages/edit/9', 'admin/pages/delete/9');
INSERT INTO `default_search_index` VALUES ('54', 'VSAT Links', '', null, null, 'pages', 'pages:page', 'pages:pages', '11', 'corporate/vsat-links', 'admin/pages/edit/11', 'admin/pages/delete/11');
INSERT INTO `default_search_index` VALUES ('55', 'Leased Line/IP VPN', '', null, null, 'pages', 'pages:page', 'pages:pages', '12', 'corporate/leased-line', 'admin/pages/edit/12', 'admin/pages/delete/12');
INSERT INTO `default_search_index` VALUES ('56', 'Internet Access', '', null, null, 'pages', 'pages:page', 'pages:pages', '13', 'corporate/internet-access', 'admin/pages/edit/13', 'admin/pages/delete/13');
INSERT INTO `default_search_index` VALUES ('58', 'Telepon', '', null, null, 'pages', 'pages:page', 'pages:pages', '15', 'corporate/telepon', 'admin/pages/edit/15', 'admin/pages/delete/15');
INSERT INTO `default_search_index` VALUES ('38', 'Coverage', '', null, null, 'pages', 'pages:page', 'pages:pages', '16', 'retail/coverage', 'admin/pages/edit/16', 'admin/pages/delete/16');
INSERT INTO `default_search_index` VALUES ('23', 'Wi-Eye Live Monitoring', '', null, null, 'pages', 'pages:page', 'pages:pages', '18', 'retail/wi-eye', 'admin/pages/edit/18', 'admin/pages/delete/18');
INSERT INTO `default_search_index` VALUES ('26', 'Ceremonial CEPATnet dengan Al Azhar BSD', '\r\n&nbsp;\r\n\r\nRabu 20 Februari 2013 bertempat di Sekolah Al &ndash; Azhar Bumi Serpong Damai (BSD), PT. Mora Quatro Multimedia (CEPATnet) menyelenggarakan acara Ceremonial Penyerahan Plakat sebagai bentuk simbolis ucapan terima kasih atas kerjasama dan kepercayaan Al &ndash; Azhar BSD terhadap layanan internet CEPATnet.\r\n\r\nPenyerahan Plakat dilakukan oleh Manager Marketing &amp; Communication CEPATnet Ibu Tiara Dewi Martiana, kepada Ketua Yayasan Muslim Bumi Serpong Damai (BSD) Bapak Drs. H. Uus Martawidjaya. Selain dihadiri oleh seluruh Yayasan Al &ndash; Azhar BSD, acara ini juga dihadiri oleh para pengajar beserta staff Al &ndash; Azhar BSD, Perwakilan dari para siswa Al &ndash; Azhar BSD dan juga di dihadiri oleh perwakilan BIKOMS (Badan Kerjasama Orang Tua Murid dan Sekolah).\r\n\r\nMomen ini juga sekaligus dimanfaatkan sebagai acara Launching program Free Wifi CEPATnet di sekolah Al &ndash; Azhar BSD. Program Free Wifi CEPATnet ini merupakan suatu bentuk apresiasi dan value added service dari CEPATnet kepada Al &ndash; Azhar BSD, dan juga merupakan Community Program CEPATnet yang salah satunya adalah dengan merangkul komunitas dunia pendidikan. Diharapkan dengan adanya fasilitas Free Wifi di area Al- Azhar BSD dapat mendukung kelancaran proses belajar mengajar di Al &ndash; Azhar BSD, dan juga fasilitas ini dapat dinikmati oleh para Orang Tua Siswa ketika berada di Al &ndash; Azhar BSD.\r\n\r\nKebutuhan terhadap akses internet berkualitas tinggi yang andal dengan koneksi super cepat, untuk mendukung berbagai aktivitas komunikasi dan media pertukaran data, tentunya menjadi perhatian yang sangat serius dan penting bagi Al &ndash; Azhar BSD, karena Al &ndash; Azhar BSD merupakan salah satu sekolah swasta Muslim terbesar dan terbaik di BSD City yang terdiri dari Taman Kanak-kanak (TK), Sekolah Dasar (SD), Sekolah Menengah Pertama (SMP) dan Sekolah Menengah Atas (SMA). Selain itu Al &ndash; Azhar BSD juga merupakan salah satu sekolah yang telah menerapkan sistem pembelajaran e-learning bagi para siswa. Untuk akses internet yang andal menjadi hal yang utama bagi Al &ndash; Azhar BSD, sehingga Al &ndash; Azhar BSD mempercayakan CEPATnet untuk menjadi solusi dalam memenuhi kebutuhan terhadap layanan akses internet.', 'kerjasama, seremoni', '4495dfc1d814207595b4b10fde86b4af', 'blog', 'blog:post', 'blog:posts', '1', 'blog/2014/01/ceremonial-cepatnet-dengan-alazhar-bsd', 'admin/blog/edit/1', 'admin/blog/delete/1');
INSERT INTO `default_search_index` VALUES ('60', 'Super Metro', '', null, null, 'pages', 'pages:page', 'pages:pages', '10', 'corporate/super-metro', 'admin/pages/edit/10', 'admin/pages/delete/10');
INSERT INTO `default_search_index` VALUES ('57', 'Data Center', '', null, null, 'pages', 'pages:page', 'pages:pages', '14', 'corporate/data-center', 'admin/pages/edit/14', 'admin/pages/delete/14');
INSERT INTO `default_search_index` VALUES ('83', 'Menguji Ketangguhan CEPATnet di Kota Bandung', 'Ingin akses internet lebih cepat? PT. Mora Quatro Multimedia melalui merek CEPATnet, mencoba menawarkan &ldquo;keunggulan&rdquo; lain. Hadir untuk melayani kelas premium, penyedia layanan jaringan fiber optic yang merupakan Network Acess Provider (NAP) dan Internet Service Provider (ISP), berharap bisa unggul di kota Bandung.\r\n\r\nCommercial Director CEPATnet Ade Tjendra menyatakan ekspansi jaringan fiber optik akan terus dilakukan di seluruh kota Bandung. Menurutnya, Bandung adalah ibu kota Provinsi Jawa Barat yang menjadi pusat bisnis dan pendidikan sehingga sangat potensial.\r\n\r\n&ldquo;Keunggulan kami ada pada jaringan fiber optik yang handal dan cepat, sehingga tidak ada lagi keluhan internet terputus-putus, &ldquo; kata Ade belum lama ini di Bandung.\r\n\r\nJaringan fiber optik CEPATnet di Bandung memiliki cakupan area layanan meliputi area-area Surya Sumantri, Pasteur, Dr. Setiabudi, Dipatiukur, Juanda, Suci, PKH Hasan Mustofa, Surapati, Sukajadi, dan kawasan Setrasari.\r\n\r\nSelain kawasan yang telah disebutkan, pada kuartal IV 2012, jaringan fiber optik CEPATnet&nbsp; akan diperluas hingga kawasan industri Bandung Selatan meliputi jalan Mohammad Toha.\r\n\r\nPembangunan jaringan proteksi fiber optik&nbsp; backbone sepanjang 26 km dari jalan Jenderal Ibrahim Adjie, Jalan Jenderal A.H Nasution, dan Jalan Pacuan Kuda ditargetkan selesai dibangun sampai dengan akhir 2012.\r\n\r\nPasar untuk CEPATnet, jelas Ade, sebesar 70% berada di Sumatera dan Jawa. Bahkan hampir 50% berada di Jawa. Sebut saja wilayah lain yang sebelumnya telah memiliki jaringan fiber optik CEPATnet di Indonesia yaitu Jabodetabek, Medan, Batam, Pekan Baru, Palembang, Jambi, Lampung, Semarang, dan Surabaya.\r\n\r\nMenurutnya, fiber optik tersebut merupakan investasi jangka panjang karena dapat bertahan 15-20 tahun. CEPATnet tidak hanya mengedepankan fiber optik tapi juga konten-konten pendukung yang dapat dinikmati masyarakat secara interaktif.\r\n\r\nDengan target pasar korporasi (corporate) dan SOHO (Small Office Home Office) layanan yang ditawarkan oleh CEPATnet meliputi produk-produk, koneksi internet Broadband &amp; Dedicated dengan kecepatan sampai dengan 100 Mbps. Leased Line/IP VPN, Komunikasi data antar cabang yang handal dan aman, Distributed Data Center, dan Network Manage Sevice.\r\n\r\n&ldquo;Selain menggunakan media kabel fiber optik, kami juga menyediakan media lain sebagai sarana komunikasi dan media pertukaran data dengan menggunakan media wireless/nirkabel, VSAT/Satelit dan Mobile CDMA,&rdquo; tambah Ade.\r\n\r\nSumber:\r\nBandung Travel Magazine\r\nEdisi Agustus 2012.', null, null, 'blog', 'blog:post', 'blog:posts', '2', 'blog/2014/01/menguji-ketangguhan-cepatnet-di-kota-bandung', 'admin/blog/edit/2', 'admin/blog/delete/2');
INSERT INTO `default_search_index` VALUES ('85', 'Berhalo-halo Melalui Serat Optik', 'Kita telah familiar dengan telepon fixed line dengan menggunakan jaringan kabel tembaga. Layanan ini diperkenalkan oleh PT Telekomunikasi Indonesia Tbk (Telkom). Tapi sejak 1982 Indonesia telah mengenal teknologi serat optik (fiber optic) yang muncul seiring lahirnya internet. Serat optik lebih banyak digunakan untuk mengantarkan layanan data. Sebenarnya, jaringan ini mampu mentransfer layanan komunikasi lain seperti audio video, telepon, dan listrik.\r\n\r\nBerbeda dengan kabel tembaga yang menggunakan gelombang elektromagnetik atau listrik, serat optik menggunakan perantara sinar atau cahaya laser. Tutuh Juhana, Ahli Telematika ITB mengatakan, dengan sistem ini serat optik memiliki beberapa kelebihan dibandingkan kabel tembaga. Pertama, &ldquo;Frekuensi lebar membuat kapasitasnya lebih besar&rdquo;. Ini membuat serat optik dapat menjangkau daerah lebih jauh dan mengantarkan data dengan kecepatan tinggi. Kedua, mengantarkan data tanpa gangguan. Ketiga, investasi serat optik lebih murah.\r\n\r\nNamun sebagian besar operator telekomunikasi masih menggunakannya sebagai pengantar layanan data dan TV karena ada operator yang belum mengantungi izin layanan telepon. Selain itu, operator yang menggunakan serat optik juga harus pandai-pandai menawarkan layanan yang sesuai dengan kecepatan yang ingin dicapai. &ldquo;Bisa saja penyedia internet menawarkan internet, TV, dan suara sekaligus, tapi itu membutuhkan kapasitas dan kecepatan tinggi. Ini berpotensi membuat trafik penuh,&rdquo; papar Tutun.\r\n\r\nDi sisi lain, pendapatan suara juga kian melandai. Agar layanan telefoni via serat optik lebih populer, Tutun melihat pemerintah perlu mempercepat aturan konvergensi media yang menyatukan macam-macam trafik dalam satu jaringan.\r\n\r\nSementara itu, Handy Darmawan, Manajer Teknologi Informasi PT Tempo Inti Media Tbk mengakui, perusahaan memakai CEPATnet sebagai salah satu penyedia internet. Tapi pengelola Tempo.co itu tidak menggunakan layanan telefoni CEPATnet . &ldquo;Kami tidak ditawari layanan tersebut. Padahal kalau lebih murah bisa dipertimbangkan,&rdquo; tuturnya.\r\n\r\nCEPATnet sendiri sudah dari 2009 memasarkan produk layanannya, yang terdiri dari layanan Triple Play, yaitu TV, Internet dan Telepon. Awalnya CEPATnet menawarkan layanan tersebut pada segment korporasi saja. Kini CEPATnet mulai membidik segmen perumahan (retail).\r\nMenurut Ade Tjendra, Direktur Komersial PT Mora Quatro Multimedia, pihaknya belum menjual layanan telefoni lantaran tidak mau menantang pemain besar secara terang-terangan. Sebenarnya CEPATnet sudah bisa menawarkan layanan telefoni karena telah mengantungi izin melalui saudaranya, PT Smartfren Telecom Tbk.\r\nCEPATnet telah memiliki sekitar 50.000 pelanggan retail dan 500 pelanggan korporat. Targetnya pada 2014 bisa menggapai 1000 pelanggan korporat dan 1 juta pelanggan retail. Namun,&nbsp; Ade mengungkapkan, pelanggan yang memakai telefoni masih 20%.\r\n\r\nlayanan telefoni jaringan fiber optik, kata Adrian Prasanto, Kepala Humas PT Indosat Tbk, responnya cukup stabil, fleksibel dalam aktifasi dan koneksitas. Indosat punya strategi sendiri untuk menghadapi persaingan di bisnis layanan telefoni via serat optik &ldquo;Indosat akan menerapkan kerja sama dengan mitra-mitra jaringan internet,&rdquo; ujar Adrian. Seraya menyebutkan jumlah pelanggan internet Indosat mencapai 110 perusahaan.\r\n\r\nSumber:\r\nAnjar Leksana dan Gloria Haraito\r\nMajalah Fortune Indonesia &ndash; Edisi Khusus : 17 CEO Berbagi Ide untuk 8 Tantangan Bisnis\r\nVolume 46 &ndash; 30 September 2012', null, null, 'blog', 'blog:post', 'blog:posts', '3', 'blog/2014/01/berhalo-melalui-serat-optik', 'admin/blog/edit/3', 'admin/blog/delete/3');
INSERT INTO `default_settings` VALUES ('activation_email', 'Activation Email', 'Send out an e-mail with an activation link when a user signs up. Disable this so that admins must manually activate each account.', 'select', '1', '', '0=activate_by_admin|1=activate_by_email|2=no_activation', '0', '1', 'users', '961');
INSERT INTO `default_settings` VALUES ('addons_upload', 'Addons Upload Permissions', 'Keeps mere admins from uploading addons by default', 'text', '0', '1', '', '1', '0', '', '0');
INSERT INTO `default_settings` VALUES ('admin_force_https', 'Force HTTPS for Control Panel?', 'Allow only the HTTPS protocol when using the Control Panel?', 'radio', '0', '', '1=Yes|0=No', '1', '1', '', '0');
INSERT INTO `default_settings` VALUES ('admin_theme', 'Control Panel Theme', 'Select the theme for the control panel.', '', '', 'pyrocms', 'func:get_themes', '1', '0', '', '0');
INSERT INTO `default_settings` VALUES ('akismet_api_key', 'Akismet API Key', 'Akismet is a spam-blocker from the WordPress team. It keeps spam under control without forcing users to get past human-checking CAPTCHA forms.', 'text', '', '', '', '0', '1', 'integration', '981');
INSERT INTO `default_settings` VALUES ('api_enabled', 'API Enabled', 'Allow API access to all modules which have an API controller.', 'select', '0', '0', '0=Disabled|1=Enabled', '0', '0', 'api', '0');
INSERT INTO `default_settings` VALUES ('api_user_keys', 'API User Keys', 'Allow users to sign up for API keys (if the API is Enabled).', 'select', '0', '0', '0=Disabled|1=Enabled', '0', '0', 'api', '0');
INSERT INTO `default_settings` VALUES ('auto_username', 'Auto Username', 'Create the username automatically, meaning users can skip making one on registration.', 'radio', '1', '', '1=Enabled|0=Disabled', '0', '1', 'users', '964');
INSERT INTO `default_settings` VALUES ('cdn_domain', 'CDN Domain', 'CDN domains allow you to offload static content to various edge servers, like Amazon CloudFront or MaxCDN.', 'text', '', '', '', '0', '1', 'integration', '1000');
INSERT INTO `default_settings` VALUES ('ckeditor_config', 'CKEditor Config', 'You can find a list of valid configuration items in <a target=\"_blank\" href=\"http://docs.cksource.com/ckeditor_api/symbols/CKEDITOR.config.html\">CKEditor\'s documentation.</a>', 'textarea', '', '{{# this is a wysiwyg-simple editor customized for the blog module (it allows images to be inserted) #}}\r\n$(\'textarea#intro.wysiwyg-simple\').ckeditor({\r\n	toolbar: [\r\n		[\'pyroimages\'],\r\n		[\'Bold\', \'Italic\', \'-\', \'NumberedList\', \'BulletedList\', \'-\', \'Link\', \'Unlink\']\r\n	  ],\r\n	extraPlugins: \'pyroimages\',\r\n	width: \'99%\',\r\n	height: 100,\r\n	dialog_backgroundCoverColor: \'#000\',\r\n	defaultLanguage: \'{{ helper:config item=\"default_language\" }}\',\r\n	language: \'{{ global:current_language }}\'\r\n});\r\n\r\n{{# this is the config for all wysiwyg-simple textareas #}}\r\n$(\'textarea.wysiwyg-simple\').ckeditor({\r\n	toolbar: [\r\n		[\'Bold\', \'Italic\', \'-\', \'NumberedList\', \'BulletedList\', \'-\', \'Link\', \'Unlink\']\r\n	  ],\r\n	width: \'99%\',\r\n	height: 100,\r\n	dialog_backgroundCoverColor: \'#000\',\r\n	defaultLanguage: \'{{ helper:config item=\"default_language\" }}\',\r\n	language: \'{{ global:current_language }}\'\r\n});\r\n\r\n{{# and this is the advanced editor #}}\r\n$(\'textarea.wysiwyg-advanced\').ckeditor({\r\n	toolbar: [\r\n		[\'Maximize\'],\r\n		[\'pyroimages\', \'pyrofiles\'],\r\n		[\'Cut\',\'Copy\',\'Paste\',\'PasteFromWord\'],\r\n		[\'Undo\',\'Redo\',\'-\',\'Find\',\'Replace\'],\r\n		[\'Link\',\'Unlink\'],\r\n		[\'Table\',\'HorizontalRule\',\'SpecialChar\'],\r\n		[\'Bold\',\'Italic\',\'StrikeThrough\'],\r\n		[\'JustifyLeft\',\'JustifyCenter\',\'JustifyRight\',\'JustifyBlock\',\'-\',\'BidiLtr\',\'BidiRtl\'],\r\n		[\'Format\', \'FontSize\', \'Subscript\',\'Superscript\', \'NumberedList\',\'BulletedList\',\'Outdent\',\'Indent\',\'Blockquote\'],\r\n		[\'ShowBlocks\', \'RemoveFormat\', \'Source\']\r\n	],\r\n	extraPlugins: \'pyroimages,pyrofiles\',\r\n	width: \'99%\',\r\n	height: 400,\r\n	dialog_backgroundCoverColor: \'#000\',\r\n	removePlugins: \'elementspath\',\r\n	defaultLanguage: \'{{ helper:config item=\"default_language\" }}\',\r\n	language: \'{{ global:current_language }}\'\r\n});', '', '1', '1', 'wysiwyg', '993');
INSERT INTO `default_settings` VALUES ('comment_markdown', 'Allow Markdown', 'Do you want to allow visitors to post comments using Markdown?', 'select', '0', '0', '0=Text Only|1=Allow Markdown', '1', '1', 'comments', '965');
INSERT INTO `default_settings` VALUES ('comment_order', 'Comment Order', 'Sort order in which to display comments.', 'select', 'ASC', 'ASC', 'ASC=Oldest First|DESC=Newest First', '1', '1', 'comments', '966');
INSERT INTO `default_settings` VALUES ('contact_email', 'Contact E-mail', 'All e-mails from users, guests and the site will go to this e-mail address.', 'text', 'adriant.rivano@cepat.net.id', '', '', '1', '1', 'email', '979');
INSERT INTO `default_settings` VALUES ('currency', 'Currency', 'The currency symbol for use on products, services, etc.', 'text', '&pound;', 'Rp', '', '1', '1', '', '994');
INSERT INTO `default_settings` VALUES ('dashboard_rss', 'Dashboard RSS Feed', 'Link to an RSS feed that will be displayed on the dashboard.', 'text', 'https://www.pyrocms.com/blog/rss/all.rss', '', '', '0', '1', '', '990');
INSERT INTO `default_settings` VALUES ('dashboard_rss_count', 'Dashboard RSS Items', 'How many RSS items would you like to display on the dashboard?', 'text', '5', '5', '', '1', '1', '', '989');
INSERT INTO `default_settings` VALUES ('date_format', 'Date Format', 'How should dates be displayed across the website and control panel? Using the <a target=\"_blank\" href=\"http://php.net/manual/en/function.date.php\">date format</a> from PHP - OR - Using the format of <a target=\"_blank\" href=\"http://php.net/manual/en/function.strftime.php\">strings formatted as date</a> from PHP.', 'text', 'F j, Y', '', '', '1', '1', '', '995');
INSERT INTO `default_settings` VALUES ('default_theme', 'Default Theme', 'Select the theme you want users to see by default.', '', 'default', 'cepatnet', 'func:get_themes', '1', '0', '', '0');
INSERT INTO `default_settings` VALUES ('enable_comments', 'Enable Comments', 'Enable comments.', 'radio', '1', '1', '1=Enabled|0=Disabled', '1', '1', 'comments', '968');
INSERT INTO `default_settings` VALUES ('enable_profiles', 'Enable profiles', 'Allow users to add and edit profiles.', 'radio', '1', '', '1=Enabled|0=Disabled', '1', '1', 'users', '963');
INSERT INTO `default_settings` VALUES ('enable_registration', 'Enable user registration', 'Allow users to register in your site.', 'radio', '1', '', '1=Enabled|0=Disabled', '0', '1', 'users', '961');
INSERT INTO `default_settings` VALUES ('files_cache', 'Files Cache', 'When outputting an image via site.com/files what shall we set the cache expiration for?', 'select', '480', '480', '0=no-cache|1=1-minute|60=1-hour|180=3-hour|480=8-hour|1440=1-day|43200=30-days', '1', '1', 'files', '986');
INSERT INTO `default_settings` VALUES ('files_cf_api_key', 'Rackspace Cloud Files API Key', 'You also must provide your Cloud Files API Key. You will find it at the same location as your Username in your Rackspace account.', 'text', '', '', '', '0', '1', 'files', '989');
INSERT INTO `default_settings` VALUES ('files_cf_username', 'Rackspace Cloud Files Username', 'To enable cloud file storage in your Rackspace Cloud Files account please enter your Cloud Files Username. <a href=\"https://manage.rackspacecloud.com/APIAccess.do\">Find your credentials</a>', 'text', '', '', '', '0', '1', 'files', '990');
INSERT INTO `default_settings` VALUES ('files_enabled_providers', 'Enabled File Storage Providers', 'Which file storage providers do you want to enable? (If you enable a cloud provider you must provide valid auth keys below', 'checkbox', '0', '0', 'amazon-s3=Amazon S3|rackspace-cf=Rackspace Cloud Files', '0', '1', 'files', '994');
INSERT INTO `default_settings` VALUES ('files_s3_access_key', 'Amazon S3 Access Key', 'To enable cloud file storage in your Amazon S3 account provide your Access Key. <a href=\"https://aws-portal.amazon.com/gp/aws/securityCredentials#access_credentials\">Find your credentials</a>', 'text', '', '', '', '0', '1', 'files', '993');
INSERT INTO `default_settings` VALUES ('files_s3_geographic_location', 'Amazon S3 Geographic Location', 'Either US or EU. If you change this you must also change the S3 URL.', 'radio', 'US', 'US', 'US=United States|EU=Europe', '1', '1', 'files', '991');
INSERT INTO `default_settings` VALUES ('files_s3_secret_key', 'Amazon S3 Secret Key', 'You also must provide your Amazon S3 Secret Key. You will find it at the same location as your Access Key in your Amazon account.', 'text', '', '', '', '0', '1', 'files', '992');
INSERT INTO `default_settings` VALUES ('files_s3_url', 'Amazon S3 URL', 'Change this if using one of Amazon\'s EU locations or a custom domain.', 'text', 'http://{{ bucket }}.s3.amazonaws.com/', 'http://{{ bucket }}.s3.amazonaws.com/', '', '0', '1', 'files', '991');
INSERT INTO `default_settings` VALUES ('files_upload_limit', 'Filesize Limit', 'Maximum filesize to allow when uploading. Specify the size in MB. Example: 5', 'text', '5', '5', '', '1', '1', 'files', '987');
INSERT INTO `default_settings` VALUES ('frontend_enabled', 'Site Status', 'Use this option to the user-facing part of the site on or off. Useful when you want to take the site down for maintenance.', 'radio', '1', '', '1=Open|0=Closed', '1', '1', '', '988');
INSERT INTO `default_settings` VALUES ('ga_email', 'Google Analytic E-mail', 'E-mail address used for Google Analytics, we need this to show the graph on the dashboard.', 'text', '', '', '', '0', '1', 'integration', '983');
INSERT INTO `default_settings` VALUES ('ga_password', 'Google Analytic Password', 'This is also needed to show the graph on the dashboard. You will need to allow access to Google to get this to work. See <a href=\"https://accounts.google.com/b/0/IssuedAuthSubTokens?hl=en_US\" target=\"_blank\">Authorized Access to your Google Account</a>', 'password', '', '', '', '0', '1', 'integration', '982');
INSERT INTO `default_settings` VALUES ('ga_profile', 'Google Analytic Profile ID', 'Profile ID for this website in Google Analytics', 'text', '', '', '', '0', '1', 'integration', '984');
INSERT INTO `default_settings` VALUES ('ga_tracking', 'Google Tracking Code', 'Enter your Google Analytic Tracking Code to activate Google Analytics view data capturing. E.g: UA-19483569-6', 'text', '', '', '', '0', '1', 'integration', '985');
INSERT INTO `default_settings` VALUES ('mail_line_endings', 'Email Line Endings', 'Change from the standard \\r\\n line ending to PHP_EOL for some email servers.', 'select', '1', '1', '0=PHP_EOL|1=\\r\\n', '0', '1', 'email', '972');
INSERT INTO `default_settings` VALUES ('mail_protocol', 'Mail Protocol', 'Select desired email protocol.', 'select', 'mail', 'mail', 'mail=Mail|sendmail=Sendmail|smtp=SMTP', '1', '1', 'email', '977');
INSERT INTO `default_settings` VALUES ('mail_sendmail_path', 'Sendmail Path', 'Path to server sendmail binary.', 'text', '', '', '', '0', '1', 'email', '972');
INSERT INTO `default_settings` VALUES ('mail_smtp_host', 'SMTP Host Name', 'The host name of your smtp server.', 'text', '', '', '', '0', '1', 'email', '976');
INSERT INTO `default_settings` VALUES ('mail_smtp_pass', 'SMTP password', 'SMTP password.', 'password', '', '', '', '0', '1', 'email', '975');
INSERT INTO `default_settings` VALUES ('mail_smtp_port', 'SMTP Port', 'SMTP port number.', 'text', '', '', '', '0', '1', 'email', '974');
INSERT INTO `default_settings` VALUES ('mail_smtp_user', 'SMTP User Name', 'SMTP user name.', 'text', '', '', '', '0', '1', 'email', '973');
INSERT INTO `default_settings` VALUES ('meta_topic', 'Meta Topic', 'Two or three words describing this type of company/website.', 'text', 'Content Management', 'Fiber Optic Network Acces Provider', '', '0', '1', '', '998');
INSERT INTO `default_settings` VALUES ('moderate_comments', 'Moderate Comments', 'Force comments to be approved before they appear on the site.', 'radio', '1', '1', '1=Enabled|0=Disabled', '1', '1', 'comments', '967');
INSERT INTO `default_settings` VALUES ('profile_visibility', 'Profile Visibility', 'Specify who can view user profiles on the public site', 'select', 'public', '', 'public=profile_public|owner=profile_owner|hidden=profile_hidden|member=profile_member', '0', '1', 'users', '960');
INSERT INTO `default_settings` VALUES ('records_per_page', 'Records Per Page', 'How many records should we show per page in the admin section?', 'select', '25', '10', '10=10|25=25|50=50|100=100', '1', '1', '', '992');
INSERT INTO `default_settings` VALUES ('registered_email', 'User Registered Email', 'Send a notification email to the contact e-mail when someone registers.', 'radio', '1', '', '1=Enabled|0=Disabled', '0', '1', 'users', '962');
INSERT INTO `default_settings` VALUES ('rss_feed_items', 'Feed item count', 'How many items should we show in RSS/blog feeds?', 'select', '25', '', '10=10|25=25|50=50|100=100', '1', '1', '', '991');
INSERT INTO `default_settings` VALUES ('server_email', 'Server E-mail', 'All e-mails to users will come from this e-mail address.', 'text', 'admin@localhost', '', '', '1', '1', 'email', '978');
INSERT INTO `default_settings` VALUES ('site_lang', 'Site Language', 'The native language of the website, used to choose templates of e-mail notifications, contact form, and other features that should not depend on the language of a user.', 'select', 'en', 'en', 'func:get_supported_lang', '1', '1', '', '997');
INSERT INTO `default_settings` VALUES ('site_name', 'Site Name', 'The name of the website for page titles and for use around the site.', 'text', 'Un-named Website', 'CEPATNet', '', '1', '1', '', '1000');
INSERT INTO `default_settings` VALUES ('site_public_lang', 'Public Languages', 'Which are the languages really supported and offered on the front-end of your website?', 'checkbox', 'en', 'en', 'func:get_supported_lang', '1', '1', '', '996');
INSERT INTO `default_settings` VALUES ('site_slogan', 'Site Slogan', 'The slogan of the website for page titles and for use around the site', 'text', '', 'Your Ultimate Broadband Solution', '', '0', '1', '', '999');
INSERT INTO `default_settings` VALUES ('unavailable_message', 'Unavailable Message', 'When the site is turned off or there is a major problem, this message will show to users.', 'textarea', 'Sorry, this website is currently unavailable.', 'Sorry, This site is currently down for maintenance and should be back soon.', '', '0', '1', '', '987');
INSERT INTO `default_theme_options` VALUES ('1', 'pyrocms_recent_comments', 'Recent Comments', 'Would you like to display recent comments on the dashboard?', 'radio', 'yes', 'yes', 'yes=Yes|no=No', '1', 'pyrocms');
INSERT INTO `default_theme_options` VALUES ('2', 'pyrocms_news_feed', 'News Feed', 'Would you like to display the news feed on the dashboard?', 'radio', 'yes', 'yes', 'yes=Yes|no=No', '1', 'pyrocms');
INSERT INTO `default_theme_options` VALUES ('3', 'pyrocms_quick_links', 'Quick Links', 'Would you like to display quick links on the dashboard?', 'radio', 'yes', 'yes', 'yes=Yes|no=No', '1', 'pyrocms');
INSERT INTO `default_theme_options` VALUES ('4', 'pyrocms_analytics_graph', 'Analytics Graph', 'Would you like to display the graph on the dashboard?', 'radio', 'yes', 'yes', 'yes=Yes|no=No', '1', 'pyrocms');
INSERT INTO `default_theme_options` VALUES ('5', 'show_breadcrumbs', 'Show Breadcrumbs', 'Would you like to display breadcrumbs?', 'radio', 'yes', 'yes', 'yes=Yes|no=No', '1', 'default');
INSERT INTO `default_theme_options` VALUES ('6', 'layout', 'Layout', 'Which type of layout shall we use?', 'select', '2 column', 'full-width', '2 column=Two Column|full-width=Full Width|full-width-home=Full Width Home Page', '1', 'default');
INSERT INTO `default_theme_options` VALUES ('7', 'background', 'Background', 'Choose the default background for the theme.', 'select', 'fabric', 'fabric', 'black=Black|fabric=Fabric|graph=Graph|leather=Leather|noise=Noise|texture=Texture', '1', 'base');
INSERT INTO `default_theme_options` VALUES ('8', 'slider', 'Slider', 'Would you like to display the slider on the homepage?', 'radio', 'yes', 'yes', 'yes=Yes|no=No', '1', 'base');
INSERT INTO `default_theme_options` VALUES ('9', 'color', 'Default Theme Color', 'This changes things like background color, link colors etc', 'select', 'pink', 'pink', 'red=Red|orange=Orange|yellow=Yellow|green=Green|blue=Blue|pink=Pink', '1', 'base');
INSERT INTO `default_theme_options` VALUES ('10', 'show_breadcrumbs', 'Do you want to show breadcrumbs?', 'If selected it shows a string of breadcrumbs at the top of the page.', 'radio', 'yes', 'yes', 'yes=Yes|no=No', '1', 'base');
INSERT INTO `default_theme_options` VALUES ('13', 'show_breadcrumbs', 'Show Breadcrumbs', 'Would you like to display breadcrumbs?', 'radio', 'yes', 'yes', 'yes=Yes|no=No', '1', 'cepatnet');
INSERT INTO `default_theme_options` VALUES ('14', 'layout', 'Layout', 'Which type of layout shall we use?', 'select', '2 column', '2 column', '2 column=Two Column|full-width=Full Width|full-width-home=Full Width Home Page', '1', 'cepatnet');
INSERT INTO `default_users` VALUES ('1', 'adriant.rivano@cepat.net.id', 'c5a63965e7e303973ee86e44e83ef33635971249', 'b48c1', '1', '', '1', '', '1388632231', '1389041023', 'adriant', null, '7ed482b3f734fc6d32bfd4c3f0a77ae8aa12de57');
INSERT INTO `default_widget_areas` VALUES ('2', 'main-content', 'Main Content');
INSERT INTO `default_widget_instances` VALUES ('3', 'Share', '6', '2', 'a:2:{s:10:\"show_title\";s:1:\"1\";s:4:\"mode\";s:7:\"default\";}', '1', '1389069134', '1389069153');
INSERT INTO `default_widgets` VALUES ('1', 'google_maps', 'a:10:{s:2:\"en\";s:11:\"Google Maps\";s:2:\"el\";s:19:\" Google\";s:2:\"nl\";s:11:\"Google Maps\";s:2:\"br\";s:11:\"Google Maps\";s:2:\"pt\";s:11:\"Google Maps\";s:2:\"ru\";s:17:\" Google\";s:2:\"id\";s:11:\"Google Maps\";s:2:\"fi\";s:11:\"Google Maps\";s:2:\"fr\";s:11:\"Google Maps\";s:2:\"fa\";s:17:\" \";}', 'a:10:{s:2:\"en\";s:32:\"Display Google Maps on your site\";s:2:\"el\";s:78:\"   Google   \";s:2:\"nl\";s:27:\"Toon Google Maps in uw site\";s:2:\"br\";s:34:\"Mostra mapas do Google no seu site\";s:2:\"pt\";s:34:\"Mostra mapas do Google no seu site\";s:2:\"ru\";s:80:\"  Google    \";s:2:\"id\";s:37:\"Menampilkan Google Maps di Situs Anda\";s:2:\"fi\";s:39:\"Nyt Google Maps kartta sivustollasi\";s:2:\"fr\";s:42:\"Publiez un plan Google Maps sur votre site\";s:2:\"fa\";s:59:\"       \";}', 'Gregory Athons', 'http://www.gregathons.com', '1.0.0', '1', '1', '1388609974');
INSERT INTO `default_widgets` VALUES ('2', 'html', 's:4:\"HTML\";', 'a:10:{s:2:\"en\";s:28:\"Create blocks of custom HTML\";s:2:\"el\";s:80:\"      HTML\";s:2:\"br\";s:41:\"Permite criar blocos de HTML customizados\";s:2:\"pt\";s:41:\"Permite criar blocos de HTML customizados\";s:2:\"nl\";s:30:\"Maak blokken met maatwerk HTML\";s:2:\"ru\";s:83:\" HTML-   \";s:2:\"id\";s:24:\"Membuat blok HTML apapun\";s:2:\"fi\";s:32:\"Luo lohkoja omasta HTML koodista\";s:2:\"fr\";s:36:\"Crez des blocs HTML personnaliss\";s:2:\"fa\";s:58:\"        \";}', 'Phil Sturgeon', 'http://philsturgeon.co.uk/', '1.0.0', '1', '2', '1388609974');
INSERT INTO `default_widgets` VALUES ('3', 'login', 'a:10:{s:2:\"en\";s:5:\"Login\";s:2:\"el\";s:14:\"\";s:2:\"nl\";s:5:\"Login\";s:2:\"br\";s:5:\"Login\";s:2:\"pt\";s:5:\"Login\";s:2:\"ru\";s:22:\"  \";s:2:\"id\";s:5:\"Login\";s:2:\"fi\";s:13:\"Kirjautuminen\";s:2:\"fr\";s:9:\"Connexion\";s:2:\"fa\";s:10:\"\";}', 'a:10:{s:2:\"en\";s:36:\"Display a simple login form anywhere\";s:2:\"el\";s:96:\"      \";s:2:\"br\";s:69:\"Permite colocar um formulrio de login em qualquer lugar do seu site\";s:2:\"pt\";s:69:\"Permite colocar um formulrio de login em qualquer lugar do seu site\";s:2:\"nl\";s:32:\"Toon overal een simpele loginbox\";s:2:\"ru\";s:72:\"      \";s:2:\"id\";s:32:\"Menampilkan form login sederhana\";s:2:\"fi\";s:52:\"Nyt yksinkertainen kirjautumislomake miss vain\";s:2:\"fr\";s:54:\"Affichez un formulaire de connexion o vous souhaitez\";s:2:\"fa\";s:70:\"        \";}', 'Phil Sturgeon', 'http://philsturgeon.co.uk/', '1.0.0', '1', '3', '1388609974');
INSERT INTO `default_widgets` VALUES ('4', 'navigation', 'a:10:{s:2:\"en\";s:10:\"Navigation\";s:2:\"el\";s:16:\"\";s:2:\"nl\";s:9:\"Navigatie\";s:2:\"br\";s:11:\"Navegao\";s:2:\"pt\";s:11:\"Navegao\";s:2:\"ru\";s:18:\"\";s:2:\"id\";s:8:\"Navigasi\";s:2:\"fi\";s:10:\"Navigaatio\";s:2:\"fr\";s:10:\"Navigation\";s:2:\"fa\";s:10:\"\";}', 'a:10:{s:2:\"en\";s:40:\"Display a navigation group with a widget\";s:2:\"el\";s:100:\"      \";s:2:\"nl\";s:38:\"Toon een navigatiegroep met een widget\";s:2:\"br\";s:62:\"Exibe um grupo de links de navegao como widget em seu site\";s:2:\"pt\";s:62:\"Exibe um grupo de links de navegao como widget no seu site\";s:2:\"ru\";s:88:\"    \";s:2:\"id\";s:44:\"Menampilkan grup navigasi menggunakan widget\";s:2:\"fi\";s:37:\"Nyt widgetill navigaatio ryhm\";s:2:\"fr\";s:47:\"Affichez un groupe de navigation dans un widget\";s:2:\"fa\";s:71:\"       \";}', 'Phil Sturgeon', 'http://philsturgeon.co.uk/', '1.2.0', '1', '4', '1388609974');
INSERT INTO `default_widgets` VALUES ('5', 'rss_feed', 'a:10:{s:2:\"en\";s:8:\"RSS Feed\";s:2:\"el\";s:24:\" RSS\";s:2:\"nl\";s:8:\"RSS Feed\";s:2:\"br\";s:8:\"Feed RSS\";s:2:\"pt\";s:8:\"Feed RSS\";s:2:\"ru\";s:31:\"  RSS\";s:2:\"id\";s:8:\"RSS Feed\";s:2:\"fi\";s:10:\"RSS Syte\";s:2:\"fr\";s:8:\"Flux RSS\";s:2:\"fa\";s:19:\"  RSS\";}', 'a:10:{s:2:\"en\";s:41:\"Display parsed RSS feeds on your websites\";s:2:\"el\";s:82:\"     RSS\";s:2:\"nl\";s:28:\"Toon RSS feeds op uw website\";s:2:\"br\";s:48:\"Interpreta e exibe qualquer feed RSS no seu site\";s:2:\"pt\";s:48:\"Interpreta e exibe qualquer feed RSS no seu site\";s:2:\"ru\";s:94:\"      \";s:2:\"id\";s:42:\"Menampilkan kutipan RSS feed di situs Anda\";s:2:\"fi\";s:39:\"Nyt purettu RSS syte sivustollasi\";s:2:\"fr\";s:39:\"Affichez un flux RSS sur votre site web\";s:2:\"fa\";s:46:\"   RSS  \";}', 'Phil Sturgeon', 'http://philsturgeon.co.uk/', '1.2.0', '1', '5', '1388609974');
INSERT INTO `default_widgets` VALUES ('6', 'social_bookmark', 'a:10:{s:2:\"en\";s:15:\"Social Bookmark\";s:2:\"el\";s:35:\" \";s:2:\"nl\";s:19:\"Sociale Bladwijzers\";s:2:\"br\";s:15:\"Social Bookmark\";s:2:\"pt\";s:15:\"Social Bookmark\";s:2:\"ru\";s:37:\" \";s:2:\"id\";s:15:\"Social Bookmark\";s:2:\"fi\";s:24:\"Sosiaalinen kirjanmerkki\";s:2:\"fr\";s:13:\"Liens sociaux\";s:2:\"fa\";s:52:\"    \";}', 'a:10:{s:2:\"en\";s:47:\"Configurable social bookmark links from AddThis\";s:2:\"el\";s:111:\"      AddThis\";s:2:\"nl\";s:43:\"Voeg sociale bladwijzers toe vanuit AddThis\";s:2:\"br\";s:87:\"Adiciona links de redes sociais usando o AddThis, podendo fazer algumas configuraes\";s:2:\"pt\";s:87:\"Adiciona links de redes sociais usando o AddThis, podendo fazer algumas configuraes\";s:2:\"ru\";s:90:\"     AddThis\";s:2:\"id\";s:60:\"Tautan social bookmark yang dapat dikonfigurasi dari AddThis\";s:2:\"fi\";s:59:\"Konfiguroitava sosiaalinen kirjanmerkki linkit AddThis:st\";s:2:\"fr\";s:43:\"Liens sociaux personnalisables avec AddThis\";s:2:\"fa\";s:71:\"       \";}', 'Phil Sturgeon', 'http://philsturgeon.co.uk/', '1.0.0', '1', '6', '1388609974');
INSERT INTO `default_widgets` VALUES ('7', 'archive', 'a:8:{s:2:\"en\";s:7:\"Archive\";s:2:\"br\";s:15:\"Arquivo do Blog\";s:2:\"fa\";s:10:\"\";s:2:\"pt\";s:15:\"Arquivo do Blog\";s:2:\"el\";s:33:\" \";s:2:\"fr\";s:16:\"Archives du Blog\";s:2:\"ru\";s:10:\"\";s:2:\"id\";s:7:\"Archive\";}', 'a:8:{s:2:\"en\";s:64:\"Display a list of old months with links to posts in those months\";s:2:\"br\";s:95:\"Mostra uma lista navegao cronolgica contendo o ndice dos artigos publicados mensalmente\";s:2:\"fa\";s:101:\"           \";s:2:\"pt\";s:95:\"Mostra uma lista navegao cronolgica contendo o ndice dos artigos publicados mensalmente\";s:2:\"el\";s:155:\"             \";s:2:\"fr\";s:95:\"Permet d\'afficher une liste des mois passs avec des liens vers les posts relatifs  ces mois\";s:2:\"ru\";s:114:\"          \";s:2:\"id\";s:63:\"Menampilkan daftar bulan beserta tautan post di setiap bulannya\";}', 'Phil Sturgeon', 'http://philsturgeon.co.uk/', '1.0.0', '1', '7', '1388609974');
INSERT INTO `default_widgets` VALUES ('8', 'blog_categories', 'a:8:{s:2:\"en\";s:15:\"Blog Categories\";s:2:\"br\";s:18:\"Categorias do Blog\";s:2:\"pt\";s:18:\"Categorias do Blog\";s:2:\"el\";s:41:\" \";s:2:\"fr\";s:19:\"Catgories du Blog\";s:2:\"ru\";s:29:\" \";s:2:\"id\";s:12:\"Kateori Blog\";s:2:\"fa\";s:28:\"  \";}', 'a:8:{s:2:\"en\";s:30:\"Show a list of blog categories\";s:2:\"br\";s:57:\"Mostra uma lista de navegao com as categorias do Blog\";s:2:\"pt\";s:57:\"Mostra uma lista de navegao com as categorias do Blog\";s:2:\"el\";s:97:\"       \";s:2:\"fr\";s:49:\"Permet d\'afficher la liste de Catgories du Blog\";s:2:\"ru\";s:57:\"   \";s:2:\"id\";s:35:\"Menampilkan daftar kategori tulisan\";s:2:\"fa\";s:55:\"     \";}', 'Stephen Cozart', 'http://github.com/clip/', '1.0.0', '1', '8', '1388609974');
INSERT INTO `default_widgets` VALUES ('9', 'latest_posts', 'a:8:{s:2:\"en\";s:12:\"Latest posts\";s:2:\"br\";s:24:\"Artigos recentes do Blog\";s:2:\"fa\";s:26:\"  \";s:2:\"pt\";s:24:\"Artigos recentes do Blog\";s:2:\"el\";s:62:\"  \";s:2:\"fr\";s:17:\"Derniers articles\";s:2:\"ru\";s:31:\" \";s:2:\"id\";s:12:\"Post Terbaru\";}', 'a:8:{s:2:\"en\";s:39:\"Display latest blog posts with a widget\";s:2:\"br\";s:81:\"Mostra uma lista de navegao para abrir os ltimos artigos publicados no Blog\";s:2:\"fa\";s:65:\"       \";s:2:\"pt\";s:81:\"Mostra uma lista de navegao para abrir os ltimos artigos publicados no Blog\";s:2:\"el\";s:103:\"       \";s:2:\"fr\";s:68:\"Permet d\'afficher la liste des derniers posts du blog dans un Widget\";s:2:\"ru\";s:100:\"      \";s:2:\"id\";s:51:\"Menampilkan posting blog terbaru menggunakan widget\";}', 'Erik Berman', 'http://www.nukleo.fr', '1.0.0', '1', '9', '1388609974');
